order_id,driver_id
100042151807,787277018694
100081753505,957625022374
100161922318,225482555544
100241210016,135982243279
100257841517,925973972450
100289083506,980363384300
100340017514,921175392134
100834726211,704786594751
100851472409,197655634882
101032300407,940393521621
101076130600,336082157544
101235233017,847127184028
101375162815,813187472160
101443983416,112108641296
101506182804,872491541633
101548109602,746646250371
101597066600,774254810527
101674434414,474040566374
101780066710,547989468370
102027030312,637467916719
102200016315,446312811712
102256738518,734671673490
102348481303,153071208821
102384329060,530796294294
102483157180,958321809211
102799413817,559056551681
102909772804,860855283580
102989674213,434313163800
103060506603,891273466298
103068442701,320296641357
103165968103,869353712471
103446678709,626264680504
103493272201,323263454048
103556175410,607528478081
103567408715,998264253825
103675908119,510031152626
103701494617,111636581830
103889800511,306744367371
103896127904,116371761917
103947567417,235274687122
103965468316,686578826103
104103547203,681627466031
104133528204,510852395930
104236985500,407909047735
104370664009,818744737057
104456714214,112842406530
104701533709,830347879685
104724561008,238565763449
104801913613,712706069678
104877464016,129793999262
104957998700,567079323298
104993547040,207727457555
105018897709,733656259914
105282339314,415220216730
105438935709,383124047371
105442874710,352598911990
105457393404,441581203964
105525805603,587708069843
105553219911,942697803155
105699819400,766406698847
105792733816,570973169207
105798500600,237674287088
105877941607,892363399975
105898302110,928581162508
105988374713,308640691442
106067738160,923832771581
106084968001,291365653924
106092983610,270966746394
106257352503,692243206633
106302156011,364111462622
106339020090,262675409150
106397836906,125229281120
106408151514,513906631006
106421386000,925973972450
106477690709,735511361126
106513111809,532126243790
106516481401,137606031944
106553756610,200575739888
106598783108,672323526654
106604743601,906726701667
106653218314,679598515802
106717331401,137732841602
106758631514,472540918637
106844960406,816341362108
106845516906,376052169952
106933194618,549442469515
107006106201,863552602779
107084148601,854263966935
107184885912,837895141759
107284170601,871786166615
107300338114,574477103683
107323714212,660926051479
107435145707,453774213876
107477558818,651076418482
107494364817,192051771567
107528004011,549636449528
107566844212,100680487454
107701079214,663455508184
107752080903,740992816023
107971900806,433805942443
108092772116,722143793474
108095154000,683381189529
108145899317,273625416949
108157078002,772840786500
108420836617,225160660940
108544674104,803168794850
108559506209,786501372375
108605550800,846440239782
108658177080,399092834585
109074345713,552386410183
109188641118,514694528836
109219721305,667321406540
109270829316,194171094958
109305435505,945772317320
109389586809,219845517644
109652448111,322419535083
109667986818,591056385033
109684471700,732243136120
109807993319,979009009877
109869548717,622541482916
110008904517,198203034859
110021690201,706317930542
110053896514,101563653512
110065443713,404773926677
110144481805,868666321781
110207925308,907866805778
110290205713,290574370706
110347087190,205193258850
110631344403,944801349451
110726269811,664425595770
110765906190,965236609719
110892911110,511864046937
111003289010,377162258094
111020486910,712497568757
111168463150,897227055200
111198102060,643632459200
111454382080,219845517644
111716901203,455825373885
111869666718,485659692376
111908154713,659304317175
111910624180,939437109289
112526939819,750609470712
112713528213,620935039655
112815257706,180116238246
112863414309,428950173355
112939835002,966090434697
112969574019,619623932865
113070932104,970413739994
113195116080,650439693087
113255877918,644818562724
113348414508,801439288922
113355373008,789751846909
113465307416,337047087637
113530475409,532109963464
113569663507,416908394812
113661551317,594300703716
113677654100,425996182889
113732968060,238446439071
113743490317,505508123434
113808449317,918609474121
113896301010,744793905502
113913784500,814514354669
113947275160,229900564127
113993045911,500922335057
114000260803,560659757938
114035999216,542363116636
114096626603,101720554358
114204365705,193291030400
114321661915,964966869619
114392590700,618141630000
114530721610,943166955512
114581346013,702798199075
114620819611,847056882904
114627987612,451484866775
114846674710,479529526267
114931023400,458236007658
114962736116,148509896518
115019015102,727896132470
115026300607,989123590510
115200172415,755029707491
115298368911,761543425761
115559962105,420407614301
115662146203,849133191684
115712134130,229828957687
115776365306,917109698948
115928234014,791608096134
116120594016,271180750498
116289387805,787579513961
116361527211,930077165059
116487990001,861140573631
116533214102,406806154143
116565957700,530796294294
116575164203,244811245100
116615118114,654722184425
116681852705,909754987511
116706188717,327563919731
116838396117,360077205703
116899480105,191962597333
116940400019,941161855004
117045625802,601978395850
117077943316,912078348946
117195562819,772326759760
117300124715,675145679711
117344181409,168147827887
117406630819,189430185215
117517685510,541611768757
117522530907,438583926376
117622414813,213169682082
117667984607,933359894286
117921503508,331361301292
117930600415,992814175602
117996063519,681257801080
118008884716,625319293503
118137885218,633330763714
118334381204,446312811712
118489403705,748818429435
118595259306,715657887467
118650130214,115182444213
118717254509,100995600755
118834238207,923748594922
118901861018,858408394018
118956586914,812041390340
118965794216,822275679507
118976548030,920139375648
119087272309,356003559972
119143203902,476986083000
119279999180,780428742442
119322392705,243092032658
119436454117,582822283274
119456814614,122550888781
119473955500,857893305732
119478260802,601285568490
119534733717,447555356925
119573270605,778020091258
119580113190,314050428335
119602320411,782659300337
119928758003,623671869800
120005795719,189430185215
120037764150,715999604521
120037869111,506563720974
120041376904,783768264140
120055975412,498129888479
120227469810,260286478279
120247986503,281291617232
120307455509,497985779530
120416612314,465802069470
120474904608,220114967848
120541263513,354188508686
120722523315,306699390536
120819181717,427220123792
120925169519,279739436763
120976254607,841838178895
120995641711,715657887467
121014887505,451030065456
121026953904,679886052313
121095308014,703688013950
121101808417,240635823143
121122902819,790101315365
121154903120,679886052313
121197813717,169495257697
121210296709,432240585363
121233948108,708953393706
121305981814,103299629464
121515292014,603057675594
121537265711,407909047735
121581907080,147595681352
121788554114,705136763003
121798006106,182365089228
121860018301,941313476277
121888663606,318012387943
122309314505,965388443624
122601536180,548624897181
122651377310,567507789351
122683994307,923376946756
122768880710,463420603148
122787405805,782739187299
122820700304,731979514608
122956636810,439198792195
123029861617,634094695317
123046142314,518274541193
123134654410,565091612301
123146249120,551949139451
123152467040,238000847716
123271016912,497910801860
123278260600,441390486279
123473964417,551949139451
123515587706,773962627154
123665698814,799956377733
123727485190,127138717567
123750304207,969266793692
123789548060,623671869800
123826764003,529119972534
123910929913,867433184497
124030982416,371249556399
124113504405,832655416013
124180845111,905593393006
124211334502,389818409607
124425973302,343701181351
124486451913,692327265963
124513657711,178786843121
124635717807,983712272643
124761769415,235995572320
124799652060,618089044574
124820757917,865445001505
124992698517,264088777932
125016879030,989542985879
125063807302,294943397516
125067994060,304208913113
125094532906,986734342769
125260091700,999065644869
125299921209,923945895080
125314843513,150070490280
125328903602,637325924129
125525305804,593624402242
125539687508,327823660778
125729626401,330468723900
125732363115,409173061020
125780138080,454766941859
125784271008,957876165252
125822535309,389818409607
125822677112,750657160084
125900726805,467043138419
125978894040,572543943417
126122331809,898046527864
126205153611,233926984358
126220484817,246921620720
126375212215,808612121393
126471971518,488126315747
126562501200,139813991353
126597944616,516374294545
126821203718,782659300337
126829797609,771095135645
126847744703,637803027274
126939247904,205276352981
126966834704,817310419677
126988985512,767139346890
127019440100,298606282876
127133816309,622710941551
127166926112,932321222842
127263547902,528251885759
127272280204,445154732963
127659836310,663536912698
127703078403,124422844031
127779612200,389707315856
127878289500,160374928053
127887590050,644946521203
127958007419,875059641907
128012061140,684086970999
128194270010,117202038490
128308140515,924284282460
128336316009,989931875594
128444117604,396882235154
128469908708,506563720974
128691851011,472640949750
128735703000,600606721975
128765282717,220461474506
128832899301,854263966935
128991334901,193509092966
129008105604,727906518215
129029955217,106255152380
129085456307,594449194102
129113407719,771009141976
129130268004,496094405279
129193760700,541611768757
129307590006,227627760239
129321770200,587487467900
129328254208,891286983719
129446383412,481225789877
129489072703,652169335999
129609165313,353729032188
129705492406,268968500151
129743277401,317883281388
129759046217,498129888479
129767749517,879281264058
129778753209,644461184360
129846267819,808180704672
129860110015,180106353270
130091178208,176832700974
130235441614,331361301292
130253598211,810122270783
130459831014,909503897297
130553816060,225956965779
130622414910,314000770968
130798619619,865638526335
130799686612,127025870705
130841312413,662379198850
130912055214,873552761047
130930528812,332958011779
130941761502,840149392066
130992443519,266087002930
131015909012,118681775247
131129100406,380228208294
131146814203,843993930627
131168685601,551870185700
131192980719,462587317002
131207592218,848492781005
131226681715,654009232928
131226812013,157733817250
131258612515,664728903841
131396932307,693850335573
131516415614,161870668419
131642048607,222134042519
131718327606,920718406310
131883182914,508393327703
131884981510,304821805283
131995621508,683381189529
132119339815,112064194187
132194744030,128355112335
132533282200,383537704040
132691627619,660561929475
132761548810,505283434541
132952316706,778988246069
133026128090,624115252932
133240863405,423702109226
133247413318,149134377267
133379177618,492502018353
133559265801,232596172740
133607933418,520489119899
133678327710,341768194892
133760241013,165935338275
133811504419,202368477512
133848733406,421743036244
133862615616,581698638144
133871453713,513507136414
133924568210,338499305940
134130959713,276531851635
134222699413,390965487007
134246165818,527992643334
134631984710,295848131695
134633759804,300704303705
134657353915,829527837408
134745253519,875059641907
134821123913,991992447944
134939405214,675476045320
135072935012,635004618979
135099699080,841402947691
135189629504,620883261953
135233395113,271936096806
135259320513,755147360998
135312692405,421135981077
135448774715,873179004395
135480056216,778612690112
135498414010,765814130935
135772976707,172797771471
135946199312,240716362594
135951313313,864896578426
135988256502,567507789351
136026849003,651400971055
136182342510,155723346588
136248110619,210600677627
136278184612,976080994319
136361942702,136514175036
136564750700,703507739179
136960514410,961869239590
136968810312,241382338482
136986703011,513783666940
137032186805,808167480066
137127102609,451371168358
137190170402,146119196692
137301912518,336082157544
137473013308,650655991021
137582182307,236563514539
137669980201,931669999340
137815279901,762099568321
137881379619,163991680290
137884376916,316066381004
137913960915,569969805447
138036341805,576994105700
138125658000,510031152626
138334819014,323263454048
138423945501,569725163603
138426381819,434313163800
138869505103,513951201753
139015684012,314310756218
139348763507,393654763849
139374287711,173817907479
139430048615,229896085700
139449754700,659443690057
139731295816,621864242896
139791678601,461348101018
139913681100,268399546680
139921473018,104335532596
139991223900,468530712577
140192951719,948874142926
140314561216,688276188400
140334225310,387046769071
140346093109,503099993692
140507914602,702687777066
140531135314,112936329470
140589181413,566628978383
140675529716,263050852291
140694003002,774968894081
140824439902,937643398470
140860671412,439401235982
141009321302,587123374320
141026686080,244283233917
141054836415,307165830084
141139419411,782107741114
141146448003,496880767068
141165533508,350368661585
141262590050,230812427348
141292447313,575359700847
141358047402,884855887500
141384323808,497910801860
141432776902,642810878957
141456898707,627606255754
141543536900,217891265910
141558991309,759873343593
141615444212,351638013489
141731195007,225160660940
141760027218,176373286489
141843278611,488882216559
141854888617,956028394671
141901929110,303658859908
141940518102,588514433046
141993332901,925594561193
142219511313,465802069470
142240814714,100627664390
142307456100,585247457032
142310168008,877712690731
142358547130,967103899014
142402099713,349911931262
142429224602,949848063692
142432714416,727906518215
142448964115,315271651310
142631356916,858408394018
142637835816,923488914253
142675339108,619673390607
142677257907,326861407923
142740206310,959899157292
142780159418,518168461024
142856658503,987220038312
142903526911,556713048284
142992253815,208877258999
143326721705,416830040498
143350551302,690988570552
143568162909,869744623729
143727981703,484096023046
143743109919,412498949519
143760227809,694040179641
143774809015,465802069470
143788261615,351638013489
143814523100,318012387943
143824783112,108144406080
143845093704,638835710510
144092777903,319328451706
144110143001,266001096749
144301175403,643632459200
144315811402,610379459869
144345244020,608053367682
144529386714,480930512890
144540096306,639487682990
144569931013,618040609303
144614638402,124398520803
144627245718,440282987976
144835484070,196281706280
144864658406,832643535588
144867302900,475901522314
144986063712,946836761556
145065030615,462525377216
145099973915,956436229718
145171782202,561934508086
145278281001,701741195947
145584310403,922810003312
145588912203,134412453357
145642232619,849390285031
145653534160,595525475586
145678953201,980363384300
145930346403,777493373540
145943162301,102075977289
145998532115,529465031874
146006910060,708953393706
146079349206,673712261640
146186129115,195453644078
146278742901,169742869980
146420091905,712281851526
146479919712,719802591071
146485170308,524077797506
146597434400,278010795880
146641405310,445446187363
146688568903,426642430939
146731778506,835117766244
146881647500,509960837742
146956182118,393654763849
147002913130,626430250300
147032991117,782659300337
147087054305,910530354017
147159947817,207748816178
147273396090,568448377380
147292757703,214894109917
147368112800,343456043459
147442919170,423702109226
147644994803,619626753517
147656321310,430834265162
147680795417,727470535299
147681627809,299859778020
147719038106,922758464762
147788281611,490680276037
147834516616,884006876365
147841810918,887144671850
147854810515,626264680504
147884265200,603057675594
147946244518,714613804212
147983432406,298025699110
147993013402,910502953075
148026687908,232035495338
148158928612,736530317899
148255856918,869993920720
148334006814,388902763931
148411145903,554787782090
148529046050,696902911426
148582264116,164659847043
148711523116,282698267719
148728994008,129203213113
148787718918,804038536869
148897540100,952931536932
148930689818,237207222154
148996725706,557676042992
149097094710,338457446543
149113472501,177946882723
149235250409,148953337271
149266544708,657548812746
149329958130,532918093712
149370410215,532166438139
149521929113,625956140335
149535020160,581179038621
149767521617,159819621342
149878426702,840149392066
149975256505,969738010706
150009510060,134768583352
150012048314,888967347266
150080954404,153071208821
150236242080,178102503935
150247329604,970917365430
150307368609,320736253044
150422421904,532517343340
150531070917,172438451614
150617322503,191962597333
150744896116,781001124817
150802559210,719802591071
150803018012,747715710114
150878734806,453400622683
151108791104,299984868031
151151457417,857556034450
151154283608,931475037206
151201377510,849133191684
151459454709,918746961271
151486507407,672853499759
151523959518,842802901392
151589851409,204843511787
151701187718,306604173889
151764866811,466815341510
151933352109,992451613674
152002451413,619673390607
152033032009,116878917990
152033352019,873841833432
152092430304,286045780050
152237614050,938178509082
152412907710,567507789351
152485368616,795353979910
152562588607,409425288014
152601568603,976080994319
152659029911,306604173889
152747357707,406535042557
152842266407,632106776182
152849765020,725460629640
152915468703,568647003973
153054874311,965096305667
153149137414,675145679711
153211612404,812549833671
153223888602,441776164085
153514551814,783491793687
153595086916,591056385033
153603556318,108442445101
153614738200,976664830960
153664242408,704968827504
153672607401,985893215240
153700374104,339822568996
153711202208,825144558878
153801456909,741147798284
153841892113,315817591137
154058364805,179725244270
154268505812,460920371230
154294780000,336275948364
154336669208,586097420633
154340813210,568657788998
154354034303,569960656235
154362248513,425693804207
154390899515,357320155462
154395373614,675144831250
154533407114,684308884824
154946266603,387723012574
154960135105,179725244270
155067447160,839579520426
155315520413,979984170712
155336377070,753037563489
155380164108,446895331878
155471162015,230098216348
155625696203,439388065045
155785507915,431180275075
155796654915,931652149395
155819607160,381978036880
155883441030,542622362675
155987859609,517526260983
156003098809,883443309559
156101559804,543680171485
156109350917,798993477160
156114898412,869783452100
156257490600,610608087276
156295364905,291672165023
156310371410,545399604353
156418394202,232833506172
156528257312,213140250200
156537601214,612461239590
156598749317,400211107838
156636995419,548187584565
156675140011,204802270581
156696211713,676509290707
156752434701,380395267044
156871385015,745294126177
156902371110,587708069843
157056143310,494138008956
157228930414,730995516170
157254934811,801295640447
157392764006,106036198731
157576387217,174095984679
157686256404,870259977651
157832727050,268214474269
157891336917,148319225632
157927845213,974683747497
158033000307,775750574030
158291464314,228159547172
158385708118,281906827782
158405636805,814514354669
158429427114,425693804207
158497771207,682465582875
158561612919,173492550365
158572494703,225956965779
158597390014,601978395850
158834492017,101174402474
159089070917,582505577992
159188332719,952121286746
159225538509,438568145531
159233760718,292747029679
159278332804,241956764100
159374192002,321427390528
159383852505,212805865052
159386907306,789111578318
159458342010,109864536820
159513292919,758598984912
159595595019,553121696892
159655036319,886143612682
159795919517,276252976284
159829306108,779438626188
159895392712,296006164700
159943501010,263304077382
159984943814,514763353630
160186455809,864520430820
160208433405,441776164085
160260590014,586098019358
160307795517,989973894380
160437107304,890584555682
160578813114,947741174876
160678419609,405764140161
160702676600,989839776244
160747267913,210564053813
160757188303,806235526219
160992094702,664951131292
161012084911,383124047371
161015003013,898142395155
161131768304,257466389900
161192028513,318607612901
161204114206,926145616851
161305753306,541611768757
161334125110,300704303705
161371955112,129172585047
161424939113,451371168358
161608793219,417535845136
161625159702,967848042800
161712456040,412707273779
161765679804,907909613146
161793171019,576989885321
161884941050,460009119690
162034703614,581892318661
162121916212,579616966739
162152636107,192052858130
162275715114,390744961745
162485409150,472274558428
162491922517,925973972450
162601351912,466319014252
162634964706,740992816023
162765501803,889657930981
162785987311,662444909610
162936812100,825487598545
163050787150,593082733705
163309468206,488882216559
163319558020,793916579960
163355503006,536119960714
163603202207,718045789485
163657429413,293847767180
163767583911,482760422329
163774582500,187800137588
163808968115,418294755201
163830053808,925973972450
163836921802,909745966120
163848543204,231599507735
163867057213,746130730060
164039376219,654009232928
164250200215,649730179161
164399641500,702787219948
164505548305,783491793687
164534405814,725128038619
164553519804,248456152189
164651545606,789134540835
164735969170,776783468157
164761205517,733656259914
164984511504,618434161412
165004571500,459845639988
165142716717,467351278302
165277934412,887357221718
165324250011,875193498906
165346028705,182365089228
165391380600,877922108082
165592480406,245858427185
165626425404,181740076163
165672734404,992814175602
165704693612,901828547668
165750223000,159003408040
165793333502,842200352430
165905311809,633330763714
165931795906,597202348268
166021285506,886232831276
166088583005,582827107250
166307370507,535300291570
166356489200,899890917222
166413916703,466018351154
166430896310,262639280994
166458234212,889469687112
166797349700,988546131697
166841270619,537539601977
166906723200,310588811708
166924593806,567282137934
166970202709,977314032475
167151722515,775750574030
167164917100,750643070248
167248031017,286529563195
167291152703,966510875190
167384400307,402406889564
167407708717,320791169715
167485548017,160166143708
167544079909,650418500860
167559897060,241382338482
167591335606,257622848197
167669249104,858258530151
167795673114,582852901386
167852014600,169738507440
167964597707,715361146234
168138871302,944658913214
168158944005,974683747497
168233862512,848691829067
168368218115,716436621518
168476047711,366127094223
168579520412,881559318595
168772832070,396454627238
168963045807,873234338228
168963371717,265656162391
169036367206,122770128726
169065624702,179302264742
169150025319,860731703280
169338213814,825160145827
169340963302,312436747079
169387593112,897368698910
169467319201,320791169715
169533293602,910471171037
170023030209,892558295032
170044156006,443114352930
170137978815,690004743256
170234798510,826731100958
170250436209,266930581294
170270854205,581698638144
170383260301,167974657004
170420649307,401777035143
170580164316,449499727119
170726510812,176201794340
170732120140,781001124817
170816058306,607272460622
170997892309,110717344180
171027361907,436283464763
171176495905,551159578520
171300917808,129667653448
171304674217,790395398219
171333903208,170172056280
171547025213,448059032735
171632808006,347293140776
171689619700,688192361710
171767455509,771009141976
171780622702,114528828148
171782771414,649604560122
171825195902,462997421204
171902674403,639487682990
171908838304,599362660900
171936817418,477917653864
172061969501,627606392711
172225770610,234191348963
172401060201,355096218976
172404457409,587123374320
172405752300,682633510239
172447963702,424582748057
172474238609,240584021465
172503233903,244887574431
172563829119,760097124166
172605587211,684044151585
172632594516,216893942687
172843308012,232542422895
172877981417,987157946909
172927500106,103671683219
172945068005,812188145667
172949133600,955268498409
172980393411,332226328568
173070131801,747715710114
173224464615,531673295988
173472399005,202602676097
173489931600,471125483124
173574372011,134561213271
173609428801,384665863409
173696528112,329493484057
173829874701,267590407483
174012442713,218085248402
174020702505,511100409530
174159743313,275458811982
174176498302,839379039600
174273599150,270966746394
174310468417,549442469515
174479156104,535426234605
174526227418,541589001280
174598092300,750657160084
174600084180,622064923383
174793031105,960404719825
174795877013,521079215573
175039582515,609644850986
175126702801,857166353832
175145065407,987709179060
175226788109,365038273919
175247721501,240716362594
175261744915,381113001587
175295839008,249789002857
175303800814,804543488698
175305934615,831100814963
175350342316,315002307675
175382409107,916637622750
175417801714,616352719010
175487067407,684308884824
175552424408,974683747497
175605169716,924284282460
175637943612,612461239590
175644500113,652324715100
175658599700,965096305667
175804008505,682465582875
175845864701,995260120268
175859741712,161649295888
175914822105,117202038490
175953553207,242212206723
176137248419,759873343593
176217360100,540983807470
176274052018,267590407483
176418734109,922998216329
176434590514,487888083895
176582052315,721125546035
176632000907,342823326402
176681237409,924938172310
176714748714,249699768265
176862922013,398994364727
176979377107,899520467763
177147724800,780290183470
177240476417,310026981901
177288104106,509607847668
177475374719,513512977514
177499093105,449499727119
177546776602,698992207761
177604329202,734981675337
177625852710,576494489284
177804380110,448307880433
177833666605,568448377380
178072510610,271065678535
178101504419,766074739422
178256722414,541605971172
178502358413,258812944261
178576568707,406907175992
178586723180,147595681352
178726876401,199667405524
178768803907,940172969440
178915774118,701455138482
178936665405,380395267044
179201966611,752628313479
179294273704,674711835194
179365995707,415470416900
179444423207,966486098414
179521671302,643691997484
179641926904,727470535299
179686452419,998003352410
179784449509,469395117752
179861780309,387173716215
179974548170,516144651102
180095809917,766606636384
180219368903,890843198819
180257868918,498576189494
180302984050,308074355892
180365166912,833543309221
180409841100,116438246475
180463773413,377850652789
180558708719,762099568321
180613695606,586098019358
180661052408,321633825090
180698664705,890843198819
180783825414,127965423373
180811417519,824141628196
180851546114,734671673490
180856496615,601384079002
181051367810,939437109289
181052213509,347825505488
181223134519,581698638144
181393361115,259186636053
181480409217,639487682990
181509389613,129793999262
181538171303,134768583352
181666656117,454766941859
181721379170,457284930631
181787678907,702899384300
181842551408,642259955511
181955713050,790642501954
181988863410,326152769961
182082501601,356592362665
182112143101,534893285853
182521291101,240716362594
182724938802,755374770804
182736220404,245948756760
182739803911,866643764829
182770415301,623671869800
182824730819,545773037980
182885770111,150833756980
183004274613,128034572868
183050032708,718028658933
183159351208,146611682480
183355613709,281906827782
183379539210,295071170146
183391146718,762132658853
183439791014,636321331695
183618819504,482454707180
183644316913,545542082108
183685514818,149610792301
183745843180,494138008956
183786577110,758327163810
183822404919,880887116130
183883661715,269568578143
183894755815,544540082957
183910826508,322627784367
183993181817,444072741894
184024951909,701741195947
184104571114,746621611007
184291542309,235141213197
184403121116,625736811687
184514843814,544788686130
184542557716,857556034450
184582669313,390184160589
184635021403,447306837230
184638920150,201131323144
184689315700,778050897209
184705160000,488890646184
184739882519,344625033128
184815548802,284862495870
184950473603,695378060490
184967631715,676349243136
185059803808,207143312572
185109192040,405764140161
185356911915,625956140335
185502642090,908782044547
185619235618,795063097340
185650892309,101720554358
185668927516,488187841204
185671155007,625322214169
185819792809,860046384910
185980638817,641528871038
186522841612,109886863956
186535755813,306625463603
186569136909,597314651157
186606099802,306927166939
186631293206,402527921787
186742156100,637467916719
186918027705,531242764002
187059833215,854263966935
187186903605,351638013489
187229305160,234577930453
187353842105,970885659700
187450233702,176832700974
187499219101,495059807744
187532822018,459426915082
187537067316,170060808554
187681303217,902518548337
187731262704,846440239782
187819357910,925594561193
187954271402,240799561922
187993598316,115147367863
188226477007,471125483124
188344309004,999104288588
188427786300,885420749267
188476082710,835767449388
188530596713,177794034400
188560045716,158982055069
188573238700,196967824605
188730319802,331217591066
188768002708,825717205523
188773482110,224277230549
188996259119,674952381384
189062013716,196001191406
189213925017,426090350017
189329276615,236728813820
189358242918,421113542053
189420166212,449692042560
189440208218,833089954204
189466127305,801295640447
189642558301,593082733705
189766076019,520512667518
189802723812,847361901100
189826381105,264088777932
189856417911,202368477512
189875551016,488126315747
189908581402,477155047908
190080366709,534426150192
190115659104,687412635595
190248365104,938017715644
190396967411,770798623089
190445798910,651076418482
190480459219,758979823850
190490606118,757880286381
190537446201,775382950057
190557432000,419179813658
190630186401,642259955511
190778813511,589578485430
191104853308,427639441667
191177721011,411119951468
191298113618,955728734151
191321472207,126585513344
191349154719,932300131241
191470867208,568119899257
191655279803,954921348243
191790110515,866643764829
192022039717,358731625817
192022577116,167755951720
192118111815,620883261953
192381480919,645818893340
192450029518,473261008285
192467554600,749686013133
192639489218,884005841340
192929010509,940393521621
193014625611,220334512519
193027780919,580547490808
193038245714,464926045370
193097879000,788941441232
193197691214,776507986610
193239655310,987015453294
193251547814,495912918608
193340042719,659443690057
193478237200,866541785450
193528244704,320859887531
193741413804,173817907479
193771176070,229695582813
194048389507,266838710223
194057974218,418410720959
194170863505,703507739179
194190542615,782546904829
194197006150,374474268410
194431193218,383184354827
194604173500,466018351154
194606127506,172438451614
194740078713,615570018519
194961326315,496233560135
194993435812,931959818802
195098342180,394106206387
195316143500,451698309653
195453161200,492043202194
195519186308,795353979910
195553629609,636321331695
195571324618,262917289710
195593250719,357075464787
195862851907,729395763382
196002506017,462374703110
196040231902,140890672615
196187240800,343505173257
196214034914,740214521557
196375082606,361093869305
196517516000,589231678151
196533674105,361659200775
196575456606,417219295386
196916736900,927948192565
196922589304,252033557577
197014359704,129999767166
197166463604,830949872484
197225240204,694550688092
197274265915,513499612018
197293472514,526925062266
197537041602,616352719010
197801406413,947180424190
197880285209,363508863542
198578417205,835767449388
198675850712,400233202355
198762280701,513432949819
198796622305,881345088267
198816442718,719155683645
198867314303,611944769232
198936348903,128287563098
199022789114,840961741530
199037438000,110884542913
199055837012,147696107839
199081376403,812506860337
199142696913,185940878032
199255117000,593442257838
199263325040,866541785450
199377772030,931959818802
199378261110,568448377380
199446215518,548073995800
199448809080,776776217324
199475666016,661193842174
199482306012,743259455729
199645890007,298857950638
199664862114,636498973513
199835776800,284138846910
199892078005,517098604163
199898627912,756268279390
199916051600,981765484506
200232828504,197941452751
200298251513,834534674631
200327495312,715415272120
200330325705,844277818051
200367914001,526172061309
200469279000,922458349100
200493448120,140602329510
200494764115,343642493236
200586364615,239840078804
200608277216,303949205825
200662222812,979009009877
200683477110,169495257697
200699589608,274181415916
200707681113,911426120637
200736000213,134520895469
200774906706,968637322375
200814590502,722752777892
200951889805,825487598545
200955348707,322627784367
201015430600,894962824130
201221408306,957625022374
201305577702,364108394419
201391417090,258200064496
201460757207,398623067673
201514601403,173480605482
201577915718,970885659700
201788217001,575530187155
201877505409,178181216152
202042130611,847056882904
202065575707,824801913762
202165119105,257902491991
202186769909,976406890863
202268849612,413368953109
202446515619,144147144195
202470832150,466018351154
202587002618,201131323144
202666306107,976080994319
202666562704,587580706081
202695783700,905573258312
202724469209,288067492828
202917388615,557706457507
202934722108,869353712471
202960304080,588745992523
203190450418,450096410412
203237423204,810489225726
203290488107,273065909459
203322717910,815413316674
203343461904,446312811712
203380906140,652814694050
203441918019,336275948364
203450773101,703688013950
203487298819,542961010905
203502379410,292317614225
203536185205,979695789835
203563050500,293685710373
203699561605,540619258130
203726602408,874420419957
203746293708,286045780050
203759819511,505508123434
203849403709,456615300420
203933117010,626430250300
203962398000,931669999340
203972118510,539919422297
203994136109,231453853559
204022946313,113179327285
204124750812,787915842478
204170223901,456533045804
204211273402,187742247710
204249395012,110855195560
204280188602,932300131241
204291844800,847938339758
204319862016,300432337401
204501059104,194171094958
204756916609,241382338482
204809729715,605558940244
204818631504,150877769050
204854740010,725596135810
204894378902,415583557390
204895270405,789605604329
204953585706,487198233765
205142445614,524563312953
205192610601,304208913113
205224275507,386410564428
205319737301,579005864552
205335545018,643611938452
205429353509,189430185215
205507419200,102595518630
205563334617,466681943173
205675444518,609935351471
205744745040,107679861983
205760909303,937643398470
205790850170,404434920850
205815168918,126976012346
205834543140,623141860859
205857146050,152526597279
205919620010,942444006530
205953916001,636321331695
206026793400,566271473127
206220541610,342201294751
206450677600,647902387628
206469874904,750135479481
206530375911,185204149569
206599669108,313771348401
206624576011,858731253037
206671542111,730562827404
206759019819,756745092447
206933306413,498326322368
206969181218,513432949819
207313208903,962618607291
207350470190,565500323119
207404474102,883655658710
207476815204,925973972450
207503450020,759128333329
207831836300,445434981937
207855058316,276809474225
207856378708,923832771581
207901687401,846184078076
207989660405,208449698174
208023804906,963642004300
208563726401,784223863610
208674916901,516821736497
208726538718,886232831276
208796250708,626430250300
208967216614,900965856544
209089093211,386791134657
209184382517,843993930627
209203726901,615855883671
209258157813,457196033941
209357559311,248992246312
209519520616,991541493596
209590159815,355042571318
209661931600,229900564127
209715840616,890200738607
209961601204,965096305667
209988719819,656007085969
210038516419,585421590272
210080193414,347549911323
210238908416,580751905504
210291248601,482823405738
210428719718,376471971852
210481881702,634141322262
210642259803,919898718450
210716832115,665848316391
210829202103,820070162448
210880626510,244987291708
211086762203,851384712636
211223077714,629128965369
211227388101,703152563814
211284641706,756533271608
211367739007,625300901663
211417611212,507174058722
211459121707,417535845136
211508219003,629666878477
211565902040,784941755224
211594111501,291003568066
211661253407,359544107398
211693856406,668115958896
211707151160,839204553592
211787977004,948874142926
211844308206,721386369875
211921322715,342823326402
212173709130,137952614754
212386239417,987054238430
212445177019,217932864936
212532402510,274993176135
212552711718,705573313466
212628596514,975175489439
212674567508,744675028100
212704643411,471209195680
212960782618,477155047908
212967724211,269819010160
213016697317,279737064226
213099435080,142439637903
213169580308,394053837303
213176061000,981497446971
213327885019,856796822670
213347686100,125369786488
213489524017,897554494985
213500289005,405780674285
213540717616,161245845297
213886956601,771615983212
214051490910,228159547172
214054086604,937643398470
214082211714,232699824040
214287877090,115885862902
214487180908,838522250083
214640333205,771720791726
214706829509,971557884997
214757291318,949318772820
214843056212,579337008998
214884107105,316013971271
214982112050,391028563408
215083637307,767489229503
215127775410,630363399883
215181686501,600091519028
215200169106,775384703950
215443800018,931669999340
215590023718,118332537845
215591061050,531243552005
215592302508,942522316498
215626594707,636669438942
215708755315,304821805283
215714270801,782107741114
215719393503,353646729339
215731328513,321633825090
215829835913,849632668303
215871344719,104335532596
215913600113,263968813529
216055076801,488187841204
216140605104,226649493386
216231241715,653861435716
216267135120,364108394419
216291496315,852234328300
216352663103,653796081225
216435535003,134140431750
216698436002,753935676250
216769921090,869215824355
216843183209,446312811712
216854107311,426090350017
216866534515,234125805673
216931183000,686517495465
217022623314,899520467763
217116020404,493343992417
217302094700,382999329517
217415705611,470935214869
217509552713,660410857615
217515504102,869744623729
217586394000,925988455802
217737103802,290739503368
217805447119,845467136495
217896730507,659553763627
218006921115,740130450869
218022761110,959752782680
218087668603,112674682810
218141549914,644031320763
218302613717,496233560135
218332169150,356669907417
218515075519,287265679227
218516990109,844656798980
218535661319,205494950187
218665659811,152090789600
218742491913,621543732578
218838370110,381978036880
218997178100,805902791850
219092320112,574035000820
219135599203,109864536820
219245493140,981394691795
219350794180,113028261601
219541323117,407392911299
219544275911,589762345430
219576353716,607480377570
219638667713,870914829702
219861629915,901595652354
219887693040,555267974176
219983082818,396882235154
220127927905,931669999340
220133321718,803073267532
220349456608,113383598152
220366429030,534955122576
220377981310,405764140161
220411716409,847663392152
220435522901,297055044900
220633266018,215861692147
220771929513,600954005371
220846559316,912693475878
220930985105,869969857807
220934057417,851826962373
220951996409,403601339561
221019002030,236098786645
221172319118,284612136960
221269482150,559056551681
221312334110,223523583250
221338806100,336082157544
221389129811,422956258948
221453313110,740172518500
221505093911,814931235468
221508250405,223618349700
221621402318,555293831802
221650695403,645622251793
221673450409,466516973397
221713265313,938165576989
221716914716,422033983418
221773058917,299366425687
221830118206,839284226998
221860865012,498723973709
222447974612,987676689404
222494053719,178102503935
222536469412,393267530063
222648252916,101395696458
222781368914,973953347475
222801237808,278472418310
223043250402,883655658710
223134407120,535397156325
223214825808,857551082882
223272803708,481327715012
223396125608,551388526145
223469612713,949848063692
223493604901,148953337271
223527528017,923001038966
223854876903,727285207840
223954996508,296350509463
224017960305,425931243115
224025617808,457286553110
224194656610,497537812310
224208411010,783491793687
224258160909,573725202050
224265985519,571548015750
224323857217,474907418435
224343494409,884769074746
224451227816,650715180830
224495009815,746621611007
224503617015,391623737625
224571561612,543030063815
224617240106,216893942687
224693040601,814817194714
224809061913,158508117910
224925495713,128355112335
224938741707,988884949733
225127956603,457765057674
225492821103,871080183531
225503394409,836305843534
225772303902,904386536637
225789400603,477808094474
225810815506,810075681480
225818758607,355400246902
226010497314,851480153834
226121096106,441505700457
226223992106,725460629640
226334597316,108397963520
226444463211,386471787276
226473753300,558844976270
226618995104,317591962114
226699263204,904442276808
226827990500,147658953745
227087488801,669475757359
227103876913,949848063692
227114024215,727086199307
227166914618,196922787197
227288118708,247753787478
227471634001,733047056919
227527036701,567282137934
227548056406,954449245879
227646694909,853700924583
227658154410,101785193126
227658314502,457196033941
227666994408,262675409150
227735325207,405764140161
227863043318,642810878957
227922567414,412393453579
227966671011,175606805117
227997213103,607528478081
228260421015,252283531631
228268949015,161595049779
228337457913,483700894377
228373653811,836652255589
228405700700,531243552005
228507741070,802113961733
228516803817,839379039600
228549688040,357178315554
228645378050,870186505216
228685168712,925474880115
228736643710,383124047371
228793748109,511135105750
228976169914,439401235982
229140068801,901662669971
229176842913,431069736513
229225784302,651586901400
229267506904,797706669260
229588875000,818702462027
229620508000,654062474593
229697424617,896564622581
229800560010,976406890863
229889760140,982817022237
229893246011,566628978383
230029720518,910959455702
230183495915,823556294608
230242558110,901635720704
230321828016,368937970708
230383303609,398825819688
230403029400,295331399828
230735738714,337539488905
230739801311,994615943455
230937021113,844119722055
231056885117,464009225961
231113291819,565500323119
231201348610,621278485084
231217071910,587708069843
231347510140,281396870114
231397233216,504464313442
231404408312,377850652789
231741549613,938178509082
231789841608,364111462622
231810992008,207748816178
231869302811,128484364213
231957337616,496094405279
231957398120,789867410052
232227297218,586615366848
232303009018,203255914303
232333101030,312618034643
232345903608,518274541193
232349300000,124323419784
232466456610,426721806780
232467032413,865638526335
232624771803,364108394419
232786704415,173675519298
232951611902,408143207238
233014960214,174739685413
233071828614,554084936961
233096081117,864859921615
233145971512,333494753419
233170407016,427158744380
233192261914,566354734208
233356832800,997340084111
233545887310,827483003796
233558293409,663288934600
233563432615,543333057321
233582878107,715361146234
233588618000,148953337271
233809308112,834534674631
233863787603,212284278470
233915494808,866540828698
233942769314,120613948388
234097371008,876056331404
234099167708,173968093531
234321784203,374988930244
234344735818,755671705600
234403348719,391503713326
234770856090,407804157399
234810821217,548609528105
234852217503,181404099640
234916636110,346309909489
234950499313,717141133881
235145876715,275952282300
235231210904,664124530101
235303868819,801308846678
235322415702,451030065456
235354655019,205193258850
235357311201,616565505743
235365143312,675145679711
235439505305,574720986217
235655451207,197531331119
235785969002,349967801250
235922342012,572902859768
235960788905,335958487187
235991874403,682508642974
235996084612,907248537300
236105560916,195453644078
236114514813,360365800913
236207361615,148319225632
236242259614,239779753449
236273198217,361093869305
236495623418,548187584565
236595399180,718051902350
236606652905,563059587350
236627981015,446895331878
236743519400,323066629586
236876028412,570381677577
237287486301,707784570979
237304460717,935212642230
237379741716,813554519366
237401985906,488187841204
237444362516,800218958053
237549972003,161649295888
237731947608,931409786057
237875261514,683798406406
237930067918,668697374343
237978392503,581528503432
238049336209,486655160117
238240960708,460668626300
238244934507,436743829191
238312658513,986037210186
238465871090,860046384910
238533024319,931652149395
238666616307,125034175490
238800946014,695723186838
238912395008,506729408815
238931708806,767262027955
239011328107,697912577169
239037034619,600047202809
239037428801,760564644918
239072744601,802113961733
239110335419,566271473127
239439721506,171252875559
239694712001,440993859455
239719837006,483879895602
239754158407,398623067673
239783100915,444202365030
239854550004,989953547360
239910232502,292012299471
239951929512,582587651437
240127276060,134525180158
240181377719,109292035269
240353003016,805376733456
240473169807,844361728881
240490245306,686578826103
240494184514,810075681480
240980999806,686694562690
240988863802,585172548058
241014314605,409476269930
241030858005,818829152792
241087123030,266930581294
241576891503,672717936089
241706210905,166521600867
241736202140,487888083895
241793747004,958833210897
242004475814,347825505488
242159370110,651437430522
242217169708,628434105777
242348119718,973621559723
242371967401,456414333269
242433685312,766328599342
242533716604,825565566684
242577877601,465802069470
242596899309,914129095286
242647248412,380801930858
242756727402,934539230400
242793498105,868654257341
242842263414,708381366518
242993864609,524077797506
243062047090,890430619463
243128532403,669475757359
243190044416,400233202355
243212440403,619375676443
243369252006,250737151902
243461024710,990403409650
243591011202,880698113730
243695373090,428839669750
243818143617,953145608562
244003093406,637687400071
244023296040,663536912698
244106106414,844779637596
244187676017,814129505301
244343785050,359343403801
244350306190,482397041840
244370662812,492409760720
244386856210,267213232358
244389425819,191065154181
244426427802,869744623729
244456511503,778056942380
244469940809,189436074497
244570392418,904426288440
244596156307,965096305667
244665781912,686614640357
244668471419,219694189431
244702544504,704082916454
244725827912,938027548606
244764571812,370707534009
244818038512,987763128444
244835598600,976383439340
244999121404,518274541193
245007747810,937643398470
245167069904,539206272204
245197777180,949318772820
245198816090,607753372616
245220064800,539003589072
245275082180,510679776221
245354643004,925988455802
245366911818,566950386569
245383946914,771552890627
245418815419,621987433025
245686172913,613501623299
245707150200,793272661379
245731163408,804641406000
245963321904,377162258094
246097780400,353496375360
246290114612,689252096434
246319087908,461700283207
246450960712,878516405417
246495005218,702899384300
246501277310,849802789880
246572400711,201673658006
246592396007,317503731945
246631179904,833077967517
246695047117,107665431979
246811457112,285723182805
246841291910,642919623134
246919068919,126585513344
246921060715,393436279611
247066573503,867433184497
247071118319,910875277619
247129301000,670152578001
247151783000,835376010236
247178518002,402935246080
247270405118,690988570552
247275384619,998035442506
247363406114,244811245100
247424214705,173817907479
247726150817,513271729260
247759708411,335446531944
247810856207,957516799362
247986927119,187554387173
247999748613,209548028761
248003181309,283085446325
248025116609,376245881850
248120043516,941654374516
248172802040,664790186080
248352372309,578001261836
248362494809,778614287265
248425571808,334809051587
248459711009,342246526437
248478398104,165499134398
248682379615,350906111991
248779967813,719443642065
248803366518,520512667518
248832041619,995231418922
248855700507,780290183470
248957572509,401725669986
249005010714,843731344590
249030123611,551669908216
249042128104,512542245172
249066780202,559428111338
249130574913,983712272643
249188519010,941161855004
249204580812,631233431817
249502175709,504464313442
249538428100,336979845873
249616830801,365085248757
249674203012,318012387943
249699583812,703572148893
249790860004,803077446579
249868394406,372848042580
249895095218,791609791935
249985949203,782107741114
250056191915,320736253044
250059090216,688192361710
250139740400,578486386000
250145416301,219322559067
250256853503,419098505222
250259251217,473351498626
250336003616,429652415497
250538631717,355096218976
250662324308,227357346224
250729128903,389797824639
250963452219,496799858855
251141528219,801325919018
251145319610,925988455802
251207023417,898009916066
251306542302,936119206697
251429273512,998571361857
251439535000,894962824130
251485288104,194171094958
251541187816,517408343546
251615324714,729395763382
251615888503,766328599342
251646101050,987157946909
251904850404,390617789676
251948417019,889831307648
251985702814,202645792517
251986558004,686389825928
252016172615,730080310806
252024499809,281291617232
252046321913,354323046158
252058771003,910380065966
252129643030,636728050655
252176229208,613967046220
252389315304,871786166615
252395981306,566628978383
252436271702,506705933020
252482253411,284801681796
252484953317,556713048284
252601474317,873763114684
252691162516,307165830084
252713187015,934144689713
252766497019,314310756218
252876609519,836937677100
253187735408,302991573117
253193922519,263304077382
253247492413,402197718905
253352597818,985258237131
253416295908,751838059160
253424044717,750435115200
253495227806,695049340456
253551540007,732291984090
253610138805,240584021465
253838268302,497085284779
253924029303,763915906796
254065163207,904298439054
254209350400,608053367682
254262710808,825487598545
254340371702,432023267880
254545988002,955641935369
254558476502,958815538661
254564692070,593082733705
254594707011,513933528876
254926331500,987054238430
255091685410,364108394419
255132263411,105499698035
255235502912,734671673490
255294206519,829527837408
255320809400,255787007148
255353415000,910471171037
255389411700,496233560135
255429596213,997292110952
255836102507,133331307000
255900577600,452406830301
256004867600,152090789600
256079920419,970282776855
256085784918,714680684287
256190066203,553121696892
256201415900,881345088267
256250725190,345144756719
256280057016,596733428802
256299451013,704316506216
256308313919,334147821545
256316476109,840777297431
256508289119,210990262934
256529239407,907013111954
256852554010,990461365229
256912709501,947180424190
256922152118,435735500843
257102974714,806235526219
257105976401,779289438946
257122549619,610085691013
257216198600,497910801860
257303840619,618542440960
257315534030,914371890618
257511567610,788941441232
257524903906,207251839462
257605593311,101789339368
257646292509,708443691900
257669387080,107997459082
257712195130,789867410052
257780067910,382042337021
257840868605,632478718640
257847036180,848439498604
257950313801,805550801418
257968597211,800218958053
258136403811,128034572868
258210278802,387723012574
258402358417,200003694525
258409445140,876013165664
258627350809,746854440104
258658650801,179725244270
258758028000,889061045061
258774631815,611429541370
258800035712,852001413727
258834807602,648624744307
258865914903,474907418435
258947426619,751464167000
258990427005,430742896955
259032434103,201519892734
259187353611,848381932625
259251318016,462240084840
259419322604,148345178182
259441464104,906937555029
259574347417,954677745858
259593379306,422033983418
259759405910,795637108807
260014247918,257202437362
260059866306,315504790812
260085470407,174566916689
260223775714,918667144162
260248863818,827483003796
260288180512,577523405354
260552567812,779289438946
260682778605,639582227112
260769922907,262531964900
261066802211,886591177551
261068038205,863782446368
261143372110,901635720704
261265102510,715279770080
261268305400,696542752017
261389894712,630695193395
261468622814,759873343593
261511428700,573145600612
261520109119,465491049210
261885574112,649910998984
261888428214,901818736660
262010921400,782659300337
262054424612,440380015329
262108235315,928925434799
262226540303,727747049200
262306129819,646945911682
262331512513,379288159497
262347956800,558844976270
262380351803,686869711440
262482553304,240584021465
262533253020,624663781874
262564904519,421751140470
262680532010,348119587602
262897997119,715999604521
262940010003,593624402242
263074593413,217681685720
263121063608,772321604944
263134908080,156347499505
263151575016,662026959880
263319830104,976080994319
263336115111,770897482061
263521577610,742225370664
263586717209,607002971669
263587934040,716698739046
263722147807,607528478081
263739193105,141139702567
263820597014,309291393059
263950050606,675145679711
264061573610,998003352410
264073342213,383124047371
264138012116,569204090460
264238851150,773279884449
264377863706,927360314337
264459812000,441323967970
264466020040,495912918608
264545601511,599779139299
264651413019,601978395850
264672032012,799489209214
264679380611,701455138482
264698098807,956436229718
264704858215,259781008962
264775380201,219322559067
264830570008,241175262844
264907060317,928638175619
264999851402,931652149395
265211285919,435967984320
265225565711,978017262177
265366066907,536119960714
265372575415,860297325937
265387857105,724471656353
265396992006,269328211560
265486222218,690477003385
265587947406,985893215240
265601074115,759947133976
265679203513,860185877611
265682135806,450700745376
265696577002,193049581281
265714448900,413892867015
265793170070,557676042992
265899853114,796791604120
265911265107,985258237131
265959835318,142299109862
266005319318,406339147423
266122560300,910471171037
266185511119,805376733456
266198704915,471482163768
266258915008,465914422821
266274261515,374474268410
266299612090,103539144205
266315749409,240584021465
266432019414,886242399835
266468832503,881580239836
266477970813,788527575500
266665794805,134412453357
266703744403,789605604329
266778205703,717065165845
266868406090,732352124933
266879154416,223554348720
267068993808,573553493465
267098210203,222371425290
267190148007,541605971172
267268718005,920620276777
267271919117,240328430994
267312199304,887144671850
267322765001,496427612298
267471679405,190714352650
267533676900,873552761047
267683455503,866541785450
267756149407,477155047908
267796629314,785514865809
268022425010,459389544939
268089981600,371659326927
268094130200,615464469981
268155573119,710713681487
268231637312,489248885909
268260466716,860918591676
268404343613,989341379933
268528146205,195599788035
268707103809,803607447245
268715330808,986924941057
268726945905,216039051721
268837098811,946217443521
269062777609,848691829067
269430620301,909965564469
269431493604,426514942109
269495000219,129667653448
269512819210,147565298567
269576271190,736485045443
269587642115,964966869619
269698559809,975716690893
269804146801,477086873578
269854673813,246921620720
269865373404,588745992523
270030210800,945772317320
270179903817,509804295942
270229079704,650715180830
270319117130,793150083485
270412441401,455518908109
270440013608,189225763292
270469991712,627234783997
270518533801,674856223099
270801937604,513346182897
270856545707,778614287265
270884334800,960404719825
270985708102,936325347962
271020704001,664425595770
271174627615,113028261601
271294439302,531061047861
271306539604,281603892813
271316526010,444490615886
271398692411,245763983727
271533596190,227627760239
271585266402,435183069660
271641283512,984555986218
271656748618,114528828148
271912861180,280245900258
271931232803,682888753634
271947161900,545399604353
272036079216,980060206890
272133496404,583428464810
272150146103,385679688740
272237123408,431069736513
272402314205,988225802912
272423028301,370701235264
272615819814,267505400684
272655058018,488882216559
272668541014,547989468370
272740187409,406921936637
272782277603,152090789600
272797153006,971557884997
272812168310,370707534009
272852671100,102595518630
272983872312,141139702567
273020589413,860855283580
273042878704,354188508686
273092465701,695568750364
273212873216,222952039644
273262535912,920718406310
273501927211,685092434280
273691446308,990280577891
273752712102,852281800581
273784257315,357907167606
273952738104,704968827504
274009156040,531171939025
274062131609,735861000365
274178625814,708974061055
274309301118,958005755089
274361081919,202368477512
274547512717,886955125660
274555861014,103539144205
274562018311,810571203006
274853749202,117820403375
274881315712,265046997416
275032052902,719443642065
275113248116,784798754903
275259476916,976080994319
275564480113,117658968911
275821077412,159369033090
276002463800,581179038621
276021143815,809912132714
276124142213,897551183653
276669452916,868654257341
276725494513,444202365030
276750644803,779196589344
276876142115,412061962934
277006405317,847713788735
277237749506,106341168477
277275202311,951340440980
277288805010,383184354827
277371009616,720053963465
277569758030,202909972490
277578207305,561925010689
277591858915,661193842174
277724590808,287991886046
277731123106,956605657796
277790943514,264423797008
277939249113,382739222518
277949038716,830142555853
277964171806,273388467859
277972809412,772003599545
277991151509,224119113218
278142607501,723851742495
278275422314,945772317320
278309689007,359772569959
278327647180,550964081146
278447292011,805831335475
278539160110,818208655454
278658187715,774202455446
278932706810,115147367863
279087443017,907921196305
279325546104,191923451211
279356680500,218145185534
279367177700,795264458829
279445028060,212805865052
279485110513,917154959110
279580366919,339822568996
279606928414,572475240795
279631721090,618597723335
279694585117,169742869980
279718907916,769789729926
279723576305,205494950187
279744994011,636669438942
279897498908,279739436763
279914109518,519373746531
280131630000,462997421204
280260483110,884005841340
280348208160,889384585673
280494100719,967029881380
280567837012,779732695756
280913177809,970426885002
280976413403,251155209123
280983456408,816348634330
280987184103,607877487398
281243340807,770299137000
281344649111,854339498526
281459460406,570394257447
282142368812,311062665297
282236985706,801686597900
282252401807,153291316325
282255262414,149125077195
282275846116,593824885363
282343755403,247753787478
282372182316,793769159844
282392679219,843341047383
282538585810,256299291602
282598857800,270966746394
282605952512,395572671889
282613139006,999406853777
282663743516,311214200926
283022664710,420178880335
283053042403,779958898807
283367377303,492043202194
283442416318,740289568370
283587883180,225846954165
283654308700,442126037793
283692076315,247542242474
283818748900,732998959112
283867317918,809849933903
283869238019,930969043020
283927770007,544688730580
283993442416,578486386000
284002629202,347293140776
284035558908,566271473127
284059019907,807436718831
284125241190,983313540939
284135868005,443647627970
284175242916,428839669750
284222593110,369343695568
284375375002,459845639988
284410220509,407216929324
284637276416,842178726269
284664342090,817870447679
284746805140,142299109862
285051357919,940509964231
285069209513,225887937323
285274475309,558844976270
285312238090,860185877611
285370251204,738879689841
285383309715,259549527979
285445940507,944961889596
285463503415,127745328232
285469091200,569973248800
285513209216,302973198140
285557003302,474907418435
285685888319,803463051513
285745995708,269328211560
285795746311,703507739179
285822986518,868461294982
285844425501,254208781333
286047570911,758730540317
286258795508,704968827504
286284257208,231792478504
286407522708,209737285707
286433161414,109182191855
286437808001,465376630157
286472800000,618771651757
286833334719,451977444657
286867777513,171444857855
287041040305,528374788847
287063406160,631233431817
287121855206,361077198388
287137593307,220461474506
287177839812,616352719010
287202358805,217891265910
287247134316,703572148893
287365470702,793254693376
287413205617,577854260519
287519552140,401926787410
287553742813,180116238246
287610116402,606279904557
287706105717,317077150222
287753280304,159819621342
287774191115,725128038619
287775148619,629791882697
287776820805,125408673175
287804445505,207199240602
287850638807,843993930627
287950130600,436349451110
288014147200,654062474593
288123133315,271936096806
288133447210,577480384977
288231794609,486873941532
288325234115,227357346224
288385065300,931669999340
288478989711,321821050981
288547536214,864896578426
288627782205,482454707180
288700415902,498860005470
288709563150,283612965463
288781343216,141190024640
288814979716,407989853089
288844716105,353729032188
288892638160,426642430939
288914867716,702465937225
289069429304,732299429986
289112979705,982723551630
289118968911,925098578162
289366149004,200003694525
289376951318,180173761749
289436681710,295201638533
289584227905,299859778020
289619738016,107308382211
289742620000,165857791275
289909107011,989287606601
289949378602,674856223099
289980851307,214780863898
290008422216,362091789731
290039210070,830349972170
290222903600,163384104150
290433746016,129793999262
290443829813,396454627238
290653909401,110774820109
290748516606,173817907479
290763668102,266838710223
290895236513,304532595893
290906493115,581179038621
291088242107,660926051479
291102112410,433256947765
291205036015,581436963351
291260169118,656110004373
291294804007,133746976366
291355222716,978017262177
291383152716,748818429435
291409606601,857166353832
291510143407,796270433976
291784881407,967697287670
291846139815,432743641082
292000721611,350906111991
292015782514,403448296787
292158429917,822531237992
292290214709,765814130935
292351327607,466638428870
292351628605,347745483760
292609361006,888967347266
292785345003,139652590809
292790712918,208208154757
293075513405,215861692147
293309111712,782107741114
293326695216,516374294545
293330516614,910000655414
293429716606,696902911426
293791506401,259186636053
293796600318,303137058377
293860910117,395235160407
293988620312,538052932615
294055667003,453400622683
294069269904,440994126470
294168218200,480028409754
294214587311,721746404717
294374338803,320859887531
294596261417,404387650344
294612201501,955728734151
294645700700,637467916719
294680266216,272431346338
294722599714,969266793692
294785122501,706672014185
294926035116,774557953954
294985540505,263311312842
295052636160,782610251238
295172163907,303343926896
295257707009,300656870253
295456459301,276809474225
295494726618,326139931765
295533567419,970255430383
295582256915,675801469673
295588407118,807190327786
295675129703,178665706354
295761458614,671506236232
295789858905,224482065080
295820496510,235274687122
295820689908,544398032367
295840004502,921783460233
295972600311,910959455702
295994678507,169149835276
296101234308,832643535588
296196649905,163613503862
296239093908,355183825681
296284015207,757880286381
296318474110,790661211264
296393123506,639394137453
296410531800,856672394019
296547047316,395235160407
296618529102,995260120268
296684828514,917370878085
296704763400,810122270783
296740223816,221541656353
296870765713,765945059881
297042614130,949848063692
297060063206,573145600612
297362329311,131864101928
297382662080,833543309221
297461711050,732104739680
297824089517,763482347065
297939437170,133069145071
298057361610,258928131301
298204234518,462194964457
298280804907,658436433954
298677243300,306668561311
298880218417,356701656384
298970193302,563918320353
298994900105,717921196767
299235339412,693463517393
299357472617,581528503432
299371065504,105232502975
299470285400,733094775081
299517086010,736074393075
299521110901,219435696186
299545983208,390965487007
299556093707,280892580580
299569666017,187184064537
299598278317,882586848283
299725937005,526281183911
299747758303,773604124343
299760146707,326242302498
299761009909,931959818802
299775784012,724471656353
299831240011,443316601963
299849026808,597202348268
299936462719,697652154859
299965855410,296880117127
300007224214,253718024598
300066817703,340671890336
300078376718,955164862722
300080330315,139437007076
300159734518,746621611007
300202530411,955728734151
300221823619,733620751121
300261682419,357339155272
300269873103,214894109917
300291903904,275561067480
300406713712,888084065467
300565257017,488890646184
300569096511,614096405838
300826304418,846911854740
300873126905,616565505743
300913293812,363765981058
301151272409,970413739994
301153628015,568448377380
301214221607,473879111916
301251705110,715031534330
301478437019,353349389220
301479505101,224119113218
301545319113,306976607111
301610094111,133746976366
301745725910,943769077305
301812927415,279739436763
301952962510,970282776855
301994323105,390084600827
302000765612,347745483760
302010687614,256230623488
302087506311,977959083333
302122130615,942711227942
302334732313,296020714700
302347671914,814674440434
302408193304,343701181351
302416101109,469044277635
302604497519,470935214869
302796941180,209548028761
302857382090,386095351908
302897475209,451311526236
302912354010,437688835432
302935452905,939116382477
302938872402,945083258758
302960195815,185940878032
302966953080,421836002390
303234329208,617486560884
303459303506,892443286853
303477003312,878235857824
303494270904,853243822497
303568226706,278990272281
303629197309,400106204329
303670848705,310026981901
303785109515,849632668303
303820776919,806235526219
304071018016,268888555037
304077169201,368370246360
304111594815,989973894380
304335093813,751923881063
304360209519,700858555784
304372101913,835985729370
304495122207,881081799910
304724886403,668697374343
304725067108,706001965259
304756077107,395572671889
304789385511,130885652322
304845971319,122550888781
304999436119,730995516170
305057974403,892443286853
305106382712,943769077305
305144003007,199658681106
305173493408,751390303258
305300004210,890584555682
305384310412,241283692169
305426778918,883408069486
305584709418,844124878302
305700894707,786052459707
305730539403,450055137848
305837269712,621491787152
305918372713,129793999262
305966729150,992326015999
306072819902,634965488471
306116722809,951587392070
306122260512,326861407923
306150279611,513198339243
306266218214,430290394747
306335524209,683798406406
306345878100,112674682810
306484337708,843045181562
306745872902,642134834655
306855559307,644461184360
306920784114,577480384977
306989594203,868514692526
307040452410,213271253576
307099402713,941313476277
307143443206,467351278302
307237321600,853243822497
307252754917,449499727119
307668995180,792925544623
307792489908,394909440513
307821477513,480087976531
307889353013,802113961733
307911538300,845787043574
308030957806,977314032475
308033837103,235450391193
308130843170,357604450500
308286338811,629791882697
308298504604,894717352633
308302261518,686427422864
308317880907,306816552538
308327243160,742155021760
308410238616,846440239782
308499083608,708503636058
308573227216,297381832960
308899809008,711728317650
309036307114,500340929011
309037834916,837345509101
309101259307,217549624731
309257857617,400788994449
309322585603,666618555384
309462146018,954449245879
309478833013,336979845873
309561858218,321310932198
309716657515,979009009877
309793955112,156717119564
309936497301,620828118493
309980115311,745564132633
310033799703,915009685643
310190895090,883248692269
310337996916,793444342145
310501857009,915627209428
310557282418,393436279611
310681200801,398331869092
310816173306,865656257952
310820858013,814514354669
310856925316,190774073266
310905821715,863552602779
311041598214,360386732204
311054632907,646536526546
311107114518,860497987620
311278175504,461130053831
311509943301,659350657355
311602482502,780428742442
311674202312,122770128726
311752456308,461339653096
311840098218,763686877104
311848339608,229039827680
311865045512,219694189431
311955314505,733047056919
312109023401,114208042116
312208038400,160166143708
312227669603,548624897181
312366764004,361841748384
312465646608,362878369660
312500214501,548624897181
312531383911,456414333269
312701003502,941941361789
312724907211,883408069486
312765891904,763915906796
312781015812,932361672207
312824050216,396454627238
312905477506,114528828148
312937877050,404260165060
312983127716,310026981901
312991514306,249699768265
313002307810,733047056919
313087292402,992326015999
313124573209,987749749230
313149470015,192051771567
313202002200,625736811687
313400002000,714680684287
313494707000,717921196767
313504855906,350475799183
313518600205,925065102002
313579650718,161245845297
313791586905,372568030010
313800713701,882354244993
314026831806,840363555908
314165364110,507174058722
314362792301,435605871928
314399387815,109182191855
314706109005,828755982549
314832604400,128827584889
314862163017,267919826963
314864560017,536883544961
314957982109,198571463490
314979200902,937451012160
314993807305,310485097973
315086317413,835767449388
315154436810,602697705551
315161023703,638173911218
315226949212,832643535588
315267487802,154620856797
315286296807,252108617157
315373310202,327799725260
315399879701,639487682990
315423047308,822924243857
315595928814,332958011779
315616108901,106868597720
315662578500,928372950112
315791187318,762619564708
315839562515,549442469515
315851802712,416086391650
315877344513,907351891640
315925628016,984890103685
315964114010,392037629383
316011772616,234191348963
316021482710,425077931968
316031205206,778816873772
316044948202,411127049162
316154434805,695716863692
316215990212,692686425729
316373915614,791714396767
316438628001,273235909871
316506624911,384257824941
316552705013,474911029678
316749691715,251983260718
317084463419,554236532455
317140535615,675975096701
317525698515,504226875639
317527040905,287032226330
317549392202,176127105038
317661992006,244644694024
317704364111,352828261900
317762596715,640181503584
317795600913,466345238126
317800922815,189430185215
317805117409,693850335573
317859212313,261834989729
317923348907,431119535870
318003884514,207264118871
318095979513,774254810527
318099202607,724671011138
318104234717,202586350385
318151066303,992308900036
318232224610,443114352930
318373583717,825598679479
318373840119,343456043459
318404777211,660335728799
318515834419,425047352238
318606165111,459389544939
318615369003,670020416796
318800513600,788527575500
318879141016,164774032970
318881103213,722143793474
319126313117,938064444297
319186667015,526910797370
319375301216,349961625785
319409740419,752740182191
319453675809,980226328047
319463897613,443693051028
319466351117,229519329439
319498791140,149645221640
319507465818,401524335716
319759258617,654009232928
319784717715,838857749070
319859853719,480463467917
319879708213,368370246360
319955953111,904298439054
319963205112,680054876236
320153453502,976039600233
320177462010,886681609970
320278243060,376646416795
320296243206,775221276081
320308068814,436682673574
320341600070,791073387888
320371612414,521745946314
320527326509,133331307000
320588197004,655229296394
320702544406,694550688092
320722216104,527155189355
320734822510,117460850535
320850828109,896753389963
321034922112,663569216745
321069572090,414433526402
321085532917,146611682480
321129995409,330192005791
321179181403,810387152751
321210197909,230098216348
321238433610,857332913941
321602410919,668904778411
321604591708,703688013950
321650533815,944801349451
321698990107,702679027437
321724235605,959752782680
321747693609,297055044900
321785203404,142299109862
321863596905,569969805447
321958677615,396454627238
321978309602,909182316311
322029671618,779958898807
322107378100,716231147722
322184453702,391503713326
322231227219,234479906002
322246660210,268968500151
322303134318,298850548013
322332447606,448496369949
322340766004,909745966120
322385008104,706178563284
322492017806,128781368616
322546329602,995405986283
322570282100,717141133881
322626507309,839434521165
322632797709,308851566563
322808936310,156730496684
322916269504,497910801860
322990474003,866540828698
323014499106,462525377216
323054814114,296396413470
323067790504,375017213650
323135882002,182188703800
323229950705,670879894542
323237918510,347825505488
323317466205,984985145533
323366758300,618040609303
323382975701,767029787982
323557218411,198479543181
323618636815,213986825300
323657648803,568660141302
323775297802,241267427111
323858555710,886242399835
323873356518,134768583352
323905699206,270695716028
323938837703,289710847990
323960449020,597202348268
323997056318,234450870152
324072186712,409425288014
324092036218,117658968911
324166920512,935524311589
324326639715,185184818078
324355342616,837504821833
324472101918,495546329568
324511669817,541605971172
324621746209,410331661058
324667261202,967117928450
324671615904,411119951468
324690822108,522016045841
324838224916,382319141926
324942716615,202971080983
324956886906,894717352633
324992082703,936325347962
325001016617,179821617930
325075582708,284862495870
325239630100,401524335716
325251030016,675181614571
325323374416,447126860047
325376449412,616352719010
325445227404,654722184425
325464365011,497307618950
325846856913,448307880433
326100197911,196754634177
326108238607,127745328232
326130066614,857551082882
326374736309,695660800917
326424098010,252225713212
326441858100,554236532455
326591891219,357075464787
326827819511,122780671853
326900831715,783786696649
327118233090,639769471620
327162875090,624955029011
327189402904,305343721796
327200011417,296350509463
327259714040,343505173257
327269187190,357075464787
327495596910,232446718814
327501890500,212805865052
327528208000,948556844020
327854994801,229276289711
328027392100,884121041650
328062191412,741147798284
328124106219,103317127411
328207950300,650715180830
328208681602,670657865927
328297705918,992326015999
328355086301,513783666940
328443478009,109864536820
328468945210,743382386778
328561868712,273625416949
328578326804,432124811391
328590794300,475395006146
328600123507,310026981901
328701410617,192353625450
328772469502,642919623134
328789639417,251613974872
328816223405,921783460233
329004557119,164659847043
329196178117,326397391600
329367215218,682633510239
329397987803,230685841842
329412014512,358962148462
329549136617,433959947907
329753363319,808180704672
329795814418,790509762183
329972548503,525625393590
330113884202,326152769961
330137280415,538352141451
330139054014,412002074750
330259691208,480833739893
330260153019,907125000597
330341691416,744675028100
330377011919,537903361360
330536826003,980578154984
330635052314,480833739893
330789248140,292371422898
330814174515,718493650746
330835872205,356446961629
330962438409,107601797006
330992400000,371643405451
331006008416,863608276810
331035663200,369455075967
331041130904,840777297431
331116577008,838293238283
331236904103,345899648751
331354323709,771981274126
331417895907,311214200926
331421682011,766627766512
331601669110,487320236963
331635324811,400106204329
331667707150,777796212359
331875288313,594347291315
331875957614,754937076034
331933073100,294467193199
332074855910,715361146234
332222651012,785417111690
332282785818,682633510239
332338830900,836275700311
332415057110,560307193210
332548813015,836652255589
332618734219,599362660900
332690850800,805902791850
332696909404,436288172426
332710518205,607480377570
332758785211,924907149982
332827082808,867643972193
333016853203,237148356717
333084354515,775271934803
333093941105,960279951980
333285090413,127965423373
333321959100,118114514777
333428947207,193174735996
333459709610,934144689713
333527052818,554236532455
333990238070,789134540835
333996632912,495908878332
334140351812,439388065045
334160717903,452485212113
334173524405,217246115785
334199875610,641163681798
334274328410,514763353630
334373224217,885860596812
334433142112,564536741727
334445726100,969590912427
334547699316,508393327703
334589445112,700816988926
334647442811,672784097937
334659249710,444943113751
334877326504,511141245469
334895613011,969266793692
334924766801,447104839575
334926931919,576639971515
335135100106,834454043911
335172270060,389818409607
335182155710,743259455729
335259195500,466129125925
335439471609,924836713494
335568025010,977314032475
335601336504,189139917943
335819505000,706317930542
335833323813,101559921902
335964364812,963642004300
335966899060,930969043020
335985685700,679598515802
336064521417,285706256446
336071415110,798724246456
336153136160,729230978855
336154329902,166521600867
336218530102,626430250300
336244052108,230098216348
336340086611,384854658296
336561901903,933131197970
336636195609,747501425316
336660090408,929261726097
336806486100,405764140161
336806915310,318012387943
337010157416,317942547250
337045438705,992994812612
337060355910,813187472160
337152445803,336569039927
337283593080,409411190182
337333991014,618597723335
337384734207,953764534488
337562069600,511079467030
337604182904,974683747497
337649949302,550586881300
337757688911,729365949974
337773721501,147658953745
337977495218,819342755750
337980064209,501820807115
338160922617,411465394911
338161846110,156347499505
338409106411,230812427348
338588931619,938165576989
338746518050,307324570602
338854751711,654016577515
338925888015,984555986218
338943478612,300656870253
339027580170,102595518630
339183341160,561442012077
339369690060,473351498626
339464588310,773279884449
339633630009,749895314040
339712715102,804038536869
339802275505,986924941057
339852943408,997662711433
339927396160,628699122590
339978558802,486655160117
340008646316,940782762735
340099250006,173095015966
340195595905,910471171037
340231216319,948513541714
340429288315,392037629383
340472144300,837895141759
340622338701,841838178895
340902471070,844656798980
340906042012,574081152295
340957174208,535300291570
340968299805,247525753371
341035560400,981979178449
341094659603,793349862460
341194745000,780428742442
341323591300,852146532843
341363608515,756533271608
341378411918,239657721995
341476759719,771518162245
341576106109,824422573632
341635150407,568119899257
341764481003,797045594084
341803516604,582822283274
341839981140,260286478279
341880047606,667011077586
341945550900,913340168036
342026628000,559630420189
342092147400,517408343546
342209735006,160461022719
342252631404,630717761509
342310470160,152685149427
342468021202,613967046220
342599643402,782251253577
342615850613,686033693979
342691173917,292012299471
342848246915,610899705500
342950659914,583976147665
342957215717,396454627238
342982939613,725128038619
342983142802,771321067649
343090671303,791749648788
343143748100,970426885002
343146980103,825487598545
343344331308,508393327703
343361456919,346309909489
343364318190,144704822259
343489249612,793272661379
343542159204,623579347660
343577864612,194171094958
343668177802,403770358340
343957502090,347825505488
344008000717,793349862460
344064394414,683085707434
344285366506,305596560513
344335426309,542645482600
344338157903,447126860047
344362301400,204802270581
344507566106,524563312953
344522299715,561408048421
344551260411,852001413727
344603072190,819150795248
344694086708,583108650769
344909190612,190714352650
345014498701,267634452826
345087726519,428839669750
345178563212,620155607138
345267940006,704103807356
345298553707,952931536932
345401831407,110774820109
345437822106,443799415223
345494519806,818818799925
345526887819,767477544326
345568902009,755145158000
345582577403,224119113218
345697980900,411127049162
345760750516,497085284779
345858300009,826101379005
345895282401,224277230549
345995848510,143869997932
346067151170,215434469351
346180637913,350906111991
346185603105,502115652513
346208380513,287991886046
346236435212,520733172876
346243928118,747931947120
346270095210,802279064010
346408881113,493044948660
346573065040,672323526654
346598896114,405780674285
346609623519,426376238286
346804010100,992346838618
346892939602,367502814417
347028353414,252634963841
347155134000,910275312071
347319324060,878281662822
347445131805,329933624950
347463399016,145707840661
347491575205,513951201753
347500078401,918667144162
347539981107,211549791599
347624228305,600954005371
347719273008,894086089968
348113214705,842802901392
348184239005,870696909709
348304847816,477206724192
348457893013,561082228884
348534246704,843851605117
348592974406,103317127411
348746818808,400160952525
349042396804,759683098377
349135027090,513951201753
349218603913,667772748466
349250273308,467060231864
349253178416,551711647814
349313690204,944041697160
349416113404,123926503400
349646274613,102075977289
349689114303,134414787446
349779878012,495388406713
349780401419,984271925430
349924023207,169174466290
349966784218,444202365030
350022165213,874137338644
350118604100,978263259013
350140026719,715361146234
350285640106,919601818132
350392328905,919898718450
350421293517,981561866083
350433460110,247213538548
350785188604,705809987910
350996447016,572658769690
351000981606,264153281170
351103240404,675448086627
351117550316,294661493753
351244267905,562715107261
351247547401,957268938789
351438103107,106283402817
351567259108,970413739994
351716606707,171263395349
351758229800,867643972193
351759295100,749223890491
351779365901,340724690020
351813309605,407392911299
351877895116,590125606326
351886277509,239779753449
352544413130,517987713838
352563123414,906937555029
352687632214,991559699518
352746195807,420670717614
352747992810,399104581894
352816666913,218599603848
352817718015,869850820020
352911100704,565500323119
352967420105,692686425729
353033329301,626264680504
353082352117,269918545300
353160117312,320024883397
353164498313,518382414521
353204389202,172438451614
353228716070,122812838800
353426058212,727235461937
353548121005,953145608562
353706747205,933812959539
353878058309,666876697926
353898670617,276237659189
354103293414,102075977289
354191365707,320812027090
354227744519,472996738901
354264596700,246921620720
354299901508,474000229663
354389403211,877231899359
354471223807,306796326021
354583911615,869478571118
354632156180,864609919958
354833664213,761683193236
354835278301,511458337101
354873010400,998571361857
354875301020,586612592843
354938334203,168690084950
354951717718,257466389900
355141573813,917242381022
355245393811,421135981077
355268726704,449499727119
355279763615,411119951468
355435145401,753110703939
355484789102,745381146311
355527851800,980045284845
355666148719,474995782012
355745403714,697652154859
355810041409,554236532455
355892057010,745381146311
355918462714,517587639900
355942970118,490680276037
356040202801,951164713938
356104975419,369361964451
356190992907,571199595170
356218550211,758517960696
356324678706,377134783300
356428764020,680123549695
356494218714,637467916719
356506430419,610830751356
356689214013,600954005371
356831994020,461167593390
356998485204,733142768806
357326289105,173095015966
357378776819,904713410949
357496973402,508942477498
357962700209,992046549989
358030995511,144704822259
358268344513,209548028761
358272193070,365438954190
358365116205,660335728799
358419279914,908714877598
358453313000,320024883397
358471835917,889164927080
358579647214,262639280994
358615324205,184412030739
358661290200,825144558878
358689714111,411119951468
358766112018,792042917051
358875943003,566271473127
359066992512,336082157544
359157615713,325094470922
359165012903,596446178316
359205535801,448307880433
359219685900,393654763849
359242231405,934539230400
359242425610,293032199310
359459926513,465376630157
359644077607,102075977289
359732858402,818744737057
359894640408,950508877480
359906867911,124323419784
359948136709,275045309295
360167017402,563059587350
360202133617,204802270581
360322290610,469856027449
360344999040,548624897181
360427456706,466600530759
360436723217,635364783631
360488383712,220334512519
360519872313,118114514777
360562308501,462711126320
360631121301,336408150210
360727842215,116618543436
360803780217,397008900080
360921764712,673712261640
360927158810,839945800235
360971691308,901360355998
361067095412,264453085393
361236509020,823556294608
361349038606,585249859827
361393148008,151830976008
361401892916,999087817269
361479877613,852146532843
361681165507,532527860967
361721878000,425007206914
361788989219,618542440960
361837439602,971596800057
361865150100,504325418497
361871912112,675448086627
361891869915,953145608562
361908352402,389818409607
362011145140,921568382882
362122626110,949848063692
362293657612,134412453357
362333607311,382042337021
362414352120,805219258385
362525835015,135975877955
362601208015,378246041674
362665795716,585247457032
362846257708,102644866539
362899015812,500922335057
362928486011,921568382882
363015325001,425931243115
363042052714,573782348598
363055160013,161963758302
363116070706,541209205552
363149960107,996300641334
363175983817,401725669986
363274942900,428839669750
363282742310,322651901606
363324923315,448258896637
363367595206,543963185909
363485549203,848381932625
363532201903,866540828698
363589479415,823012302579
363642385316,466681943173
363776233107,791749648788
363840842501,347293140776
363910200016,262531964900
364151093080,779289438946
364175044311,511081344627
364252648060,488187841204
364275949000,987015453294
364390075160,560473614056
364414215418,267342448368
364499027702,511081344627
364504973210,985893215240
364595861415,219366530797
364693989707,791073387888
364761630513,302632710200
364790566502,553485145760
364802740010,881559318595
364908444902,177946882723
365017175301,630824439674
365269814200,499802581718
365325230190,709369603010
365470510150,455475919826
365552252600,500527203055
365595109007,466018351154
365682416816,662444909610
365696880800,483917170700
365799344109,470269448305
365813248502,816410658278
366034277310,389818409607
366036701907,331361301292
366128518120,298025699110
366207772311,889657930981
366309823919,229900564127
366504862040,500264651082
366506071108,722143793474
366514362050,267539026700
366538738917,725006160449
366547791100,462542524026
366611928008,791609791935
366633894316,107997459082
366677546215,269536684216
366753782405,117159514589
366881828803,616512937370
367038481010,475395006146
367097075711,108898030024
367122349307,785138622641
367127558106,365038273919
367162072314,845467136495
367250989705,549636449528
367324983903,923945895080
367568107410,521617215086
367584424304,638173911218
367696842309,857222207300
367999055104,213140250200
368019100800,801307621251
368248050806,790642501954
368317907519,623671869800
368392987130,548351368178
368432731319,436283464763
368455280507,145321091171
368707159114,109292035269
368755520419,169174629549
368762161005,819150795248
368793552119,909745966120
368869787150,523080469908
368909567002,875059641907
368948302400,429388721798
369012261206,493875764155
369033647010,720954062958
369188058511,610379459869
369288706809,591056385033
369358332710,857883872866
369459315190,623671869800
369500096608,553944823293
369563312700,127997138531
369603923011,540983807470
369641306108,697652154859
369896109511,990461365229
370102015406,876615642608
370129789501,397650294732
370134699217,451030065456
370234725310,238290336681
370259988112,480930512890
370264375503,604500956157
370369379016,449420565671
370395656413,688276188400
370486689202,670198989668
370555453717,353247160253
370641700112,473261008285
370721323912,619228728136
370767954119,404387650344
370904556115,374474268410
371015679506,559056551681
371020893813,859839357186
371165278506,771518162245
371193826809,335442401411
371305682716,643691997484
371333751111,279739436763
371436082711,167881010582
371476939402,459254046067
371574110508,758349536811
371624979402,198647175157
371687224502,142439637903
371690258001,431776978590
371841316005,615473542967
371897318050,392514426176
371937774713,880453226182
371951160616,336569039927
372069925506,964931465501
372213717917,476017074360
372227155913,467566346992
372336805016,956028394671
372533812008,497341843131
372560070218,667321406540
372698780510,142778131915
372761611800,463420603148
373036332206,837699333504
373077925415,489248885909
373125711412,155723346588
373174560803,886591177551
373208020915,471719084458
373231927114,523803941161
373254439014,428839669750
373301387614,874322556581
373304890418,543456517725
373320612410,498860005470
373366611019,136128946158
373424541814,626264680504
373425849209,352570280934
373468408709,773604124343
373529766101,516180772090
373600178014,658880315058
373646962717,224277230549
373923748000,637467916719
373993083311,347543884063
374044799510,585249859827
374087811100,134140431750
374341548315,370587856847
374388502111,313771348401
374517151915,290811883490
374524629510,639487682990
374570761800,386560795206
374623344319,156347499505
374725673318,101933414387
374726496408,681627466031
374852342808,809346003406
375101694507,642365587218
375126636803,225914658245
375267502416,434313163800
375353834010,290499777555
375412824411,943731972232
375425785209,880698113730
375502354309,865638526335
375719132517,912702947875
375802879000,657619826733
375904531905,918450477017
375944805911,310175710766
376137960405,225482555544
376193512207,155427372009
376239748506,389705389929
376313878402,500531789755
376348132090,864989941234
376389177612,736074393075
376422926113,808098810621
376445429607,493293720667
376473610012,808098810621
376558587140,356910019590
376593564906,400211107838
376602737901,518027848830
376609053700,122770128726
376654269218,462405146854
376669012006,261834989729
376874729209,356054113353
377049524612,421743036244
377105067601,636321331695
377205279308,958815538661
377297930910,232993138177
377306737608,584775813072
377322837004,555267974176
377352254301,660335728799
377372789814,635534017433
377466898204,831100814963
377483900604,179355397311
377688632706,857840711190
377766407018,353729032188
377772327709,514763353630
377826340017,116438246475
377856193040,291003568066
377890544512,255768678497
378019901804,361093869305
378029327618,186183537578
378051019019,807241154023
378166320718,852883142020
378180950117,531061047861
378288890604,909563234244
378297123050,642919623134
378297358808,467063428391
378337019160,198479543181
378520513318,922256181440
378533183701,469395117752
378692753816,327219421605
378697245100,296969825940
379004955719,659443690057
379015920310,325226758773
379208689218,284221765724
379263912814,541369341750
379338459511,145321091171
379461239000,995688977401
379504788050,430977932298
379544607116,834534674631
379594540316,962583644348
379706189504,703507739179
379833058619,920620276777
379843759206,632321427758
379884537700,300704303705
379924261030,212240032120
379940258014,922666129080
380024543219,519373746531
380101707214,341768194892
380167137500,832816222779
380244953203,951836885309
380247040713,897368698910
380282275813,506285835280
380452030916,537539601977
380514209411,219353313647
380667706510,268888555037
380807912716,593783882687
380926757202,334127597754
381003550100,488670512313
381066221900,538052932615
381178076204,990280577891
381292080130,755337816370
381305532806,549878553472
381384269010,470935214869
381396283212,709261315472
381639898816,871115263236
382196200609,678397441848
382245018802,566628978383
382268496310,599779139299
382278380004,226706573901
382398944412,280245900258
382428728117,966633633014
382456793202,148603833700
382602802206,451888769293
382743205302,449835502956
382839693914,775384703950
382843035306,804811132409
382864205802,110884542913
382865487618,440994126470
382965429607,806851424850
383015138315,216091025274
383136044301,511081344627
383152716017,977488418467
383166406812,834534674631
383279823180,349335003330
383467623120,412124596778
383654628615,848663356186
383675575318,409053717775
383749945014,907950433896
383882201113,296350509463
383916160050,473261008285
384197879201,291220142441
384508309403,329933624950
384533083418,886955125660
384598838060,943876967482
384904605709,662819608598
384953699608,839379039600
385044627404,137952614754
385187965215,700501387324
385288658103,446312811712
385446510505,982441098770
385494686504,115132067432
385535017916,660561929475
385550466517,900168098920
385562183210,766406698847
385725539015,355922347105
385726490300,514231969307
385749818900,288650985031
385862645412,814514354669
385951732207,376471971852
385995108602,477086873578
385996565310,738063321244
386115610716,787344812038
386122100180,425931243115
386177594518,505508123434
386180323406,601594163886
386245593219,395572671889
386505545501,263658800606
386538577303,240635823143
386593137905,958321809211
386723124503,610661922570
386726904216,890460626436
386750882605,656241919250
387010733905,668697374343
387012873300,846911854740
387026967719,881580239836
387114841602,656774071988
387187788619,500340929011
387359665103,259921312236
387384954901,608663962899
387442221306,980633257858
387453241060,413411688095
387461232205,837345509101
387498306803,867433184497
387508105507,880887116130
387846295213,333576356000
387850728914,317591123280
387880997516,664790186080
387891513719,457284096056
388030045415,915424787357
388094148211,577179681735
388130423114,781130639189
388180542309,810381494292
388202122612,566730021367
388289538020,499802581718
388368421805,715361146234
388423126214,789867410052
388463107914,160374928053
388509659813,347549911323
388590528700,339822568996
388651301019,979415246657
388762299918,984493686367
388937508109,526281183911
388963886417,794605711686
389023740910,333921754210
389024949807,674711835194
389419531400,150877769050
389420611318,702216903485
389505350116,648166686295
389540802915,504464313442
389582862505,591283087644
389682982909,665848316391
389748151515,559544992028
389815120502,622064923383
390523638407,752482723938
390568812917,575530187155
390608927402,378065889777
390626406608,613967046220
390641446700,112842406530
390717186519,212240032120
390731860500,844277818051
390767554807,409336899058
390777290416,679598515802
390888829301,544673683993
390902345203,490079891781
390958456318,984071171836
390960602405,668904778411
391078178600,368937970708
391125043209,255768678497
391232982317,730721478912
391275446409,148214372044
391468262014,704316506216
391587127001,853700924583
391596687705,931299434118
391676206611,115147367863
391749304606,857840711190
391843453704,777098154797
391845289312,906459689789
391862592508,582827107250
391896006113,783491793687
392219216115,917420265470
392289077204,865815544719
392415491512,192495394747
392417844905,284862495870
392471764113,829546367764
392516871207,665848316391
393008589506,441775365344
393012995312,282698267719
393019221803,216091025274
393059897403,382999329517
393111879113,609738566955
393142297808,377826906347
393169558009,322419535083
393227193409,651811610559
393573618016,686738068007
393622228711,906811598275
393633399415,349289374200
393726124219,775750574030
393740242301,917910671000
393874182809,917910671000
394057006704,402423010603
394118436702,686869711440
394216342311,204843511787
394278206108,875059641907
394281069114,976590914459
394327175410,404476388660
394366155516,729052989049
394595206318,644523993786
394657848011,265426820788
394707123108,938165576989
394726789012,252634963841
394872338415,578486386000
394913349010,429689870250
394975968512,762099568321
395190142917,841838178895
395438931505,605558940244
395465513070,518274541193
395481922913,964952472560
395548935800,800386389052
395573224116,159369033090
395598570705,750609470712
395785148818,568889036661
395805629100,643032064643
395835956511,185204149569
395861789103,176201794340
396094239703,398435364500
396183402201,987157946909
396220487190,145707840661
396267986316,342429943967
396368472414,906567474827
396399656702,310026981901
396429748705,581528503432
396458851004,282698267719
396496868702,418312767513
396498584803,311034258170
396569535401,927239097199
396634655130,621864242896
396711430419,384287738934
396712937000,695536824281
396942597318,163664597160
396945816917,958149198736
397001149301,100778778937
397005274804,698429240007
397026283601,587259310430
397047303210,108144406080
397199868019,577548003968
397274106806,127745328232
397296816615,504666503680
397376901217,177885382881
397485435316,604525325444
397595413110,446312811712
397618586109,524077797506
397639328704,698158690120
397651246190,292395837221
397660296204,864938181458
397925982714,744563246510
398114228107,847938339758
398124809708,225881058391
398205961201,361034794193
398346748707,628702321032
398577065001,870015708745
398615005213,922998216329
398703747209,651498963890
398727555615,800143695891
398781629019,359355814997
398818741910,992994812612
398828891005,102910715884
399019876314,853900674777
399053428617,184077634344
399149500600,765814130935
399205258812,869783452100
399223485015,583411832788
399380113505,614096405838
399455152808,741109278920
399482477016,630824439674
399543809110,444943113751
399578443314,386095351908
399809278516,229896085700
399812330112,866541785450
399983209606,930077970127
400049458218,742932349412
400288105512,941313476277
400336469210,100370651480
400341377415,626264680504
400432514100,600091519028
400794154160,462714398696
400830760911,451888769293
400850533203,908558625787
401175555516,323654782752
401188808090,553121696892
401195507609,183889449693
401258383016,753466254628
401283275317,852146532843
401314859411,241283692169
401322810701,113454731726
401586317514,539003589072
401604552418,858818874364
401666538901,936258274112
401749787012,844477942656
401826832610,827483003796
402038503190,721859966715
402047333606,972317974779
402150742909,522423297815
402204838040,391989435563
402241807906,741648166872
402250986806,902591441152
402375473409,870186505216
402491409707,683798406406
402557301803,426090350017
402569034110,254298099528
402629351110,578486386000
402763685207,356910019590
402934953806,910959455702
402953171150,601230479073
402963874130,827483003796
402982077117,397898650667
402990187413,393436279611
402996269710,519373746531
402999510206,931652149395
403154992090,578172216237
403230201810,554084936961
403437087303,907950433896
403575762707,700816988926
403729915714,991992447944
404090492802,384257824941
404220432204,229039827680
404321375105,434903815884
404465921907,388902763931
404474240807,501276589997
404475230219,360404476845
404542593901,863552602779
404576306915,976904045722
404598353304,222981000089
404602526070,662819608598
404611157120,341768194892
404667241008,329982993844
404669264709,817395192923
405088513311,125898194723
405319174113,496312685500
405451551212,487666347343
405572555416,365029402560
405639055314,904426288440
405684914212,809346003406
406107081513,320024883397
406146503911,240716362594
406207033304,651076418482
406209172415,710591925299
406248963101,102075977289
406446965009,992084864505
406458343310,269025978734
406487404806,661980997137
406893941314,202336860450
407025979911,842157727387
407161288319,100995600755
407163760000,263367369335
407205799718,425693804207
407329078318,701741195947
407402734111,137308316902
407510289308,936790586189
407645854109,451311526236
407657149204,710536268412
407843197408,256230623488
407916005505,514395403960
408074748917,400106204329
408084010080,764496112554
408101659918,528798585762
408109386112,867541660149
408320414802,970282776855
408350102016,548400248299
408394699518,566950386569
408439956115,600091519028
408626808404,171444857855
408688170400,496568977408
408702635913,456136910659
408942136014,748530633358
409076249917,912702947875
409306441002,452485212113
409371335015,104335532596
409384912406,291672165023
409475568903,917242381022
409525332302,334147821545
409543461813,113489021830
409555613017,776263558021
409666912510,622102778893
409781503700,600047202809
409988189315,414547493540
410307969605,730811876570
410442102103,498576189494
410493223050,426642430939
410507531112,513346182897
410662665203,391383949562
410677081310,727652133138
410692403611,100680487454
410701777006,579029162213
410817793212,286789102962
410823415310,559755652566
410895447116,743259455729
411013638214,852498991342
411074339519,166299455581
411162334411,627606392711
411165315700,170934793800
411193732516,165096574645
411342920602,976664830960
411362763802,567765641776
411378997117,318607612901
411425271901,885680403466
411427100508,344625033128
411491337906,526781731195
411535362618,599362037350
411702783813,444943113751
411756955119,307908517516
411878988513,295071170146
412023735402,846440239782
412071760011,630022347704
412139749618,992451613674
412153708019,320736253044
412166849403,182188703800
412351346810,208449698174
412413519216,105246016894
412594505615,191624111620
412694402003,937643398470
412759379413,301340449222
412768910004,860046384910
412832855814,141139702567
412833160613,381383918104
412952083160,445434981937
412970569518,184568807536
413059119915,622102778893
413137644819,478619453795
413147472205,205328066536
413251414300,505127796341
413255365708,319636474790
413341501516,183173064306
413359958011,712281851526
413445982811,554238096385
413470960016,677182416796
413473716313,989839776244
413479532513,231599507735
413598715617,387221559476
413768911200,721975308357
413937626013,771749100136
413948706010,425757201900
413988521103,958815538661
414100419020,204518896173
414101560800,616493556242
414121794518,222232348661
414283696505,871115263236
414313424312,946217443521
414317062610,340664816409
414387462202,571548015750
414514898417,647902387628
414662266902,725128038619
414742640912,186727427383
414839829010,902591441152
414887435309,934539230400
414888276402,459587763298
415040663415,342201294751
415065399015,860525929350
415268647101,619626753517
415320607212,564243896864
415347854219,886232831276
415390807901,861194058914
415521190706,816410658278
415557992208,662026959880
415745369519,322419535083
415843874408,760113126167
415883748160,566628978383
415920415113,216039051721
416079830516,631233431817
416202733813,272539556804
416216600512,995405986283
416232982307,234479906002
416246099120,660826100595
416607402507,456615300420
416699381014,230098216348
416707835106,706373456701
416761293219,172131911334
416872244301,765848977101
416880382018,873156287288
416927771900,954449245879
417083252419,367688465303
417144851140,808167480066
417161265110,886681609970
417165102205,542775468118
417215301600,516869125759
417290917710,562542858455
417520760512,899520467763
417585306800,212125361605
417977600209,229507234534
418043410913,430456369750
418137146112,656337628233
418329363314,451698309653
418416611213,881580239836
418529070102,488236416440
418589323316,846043077195
418761532519,644461184360
418986560112,928436698197
419026574517,782610251238
419039275903,290228095647
419336236715,306496173013
419403788913,214709298597
419586876419,584315313424
419728486207,101502447235
419772718010,616565505743
419787618701,112768695970
419789664302,673712261640
419932840815,561082228884
419938099012,181312683555
419984815114,224222468341
420087041200,781085688407
420233022801,398461900760
420251019804,700933612043
420258179912,856054879349
420433973809,582822283274
420839451140,306114817358
420849737810,944365015914
420917574108,441209858211
420923825070,626430250300
420998931010,498326322368
421156466503,251725141383
421213150008,561934508086
421234892201,725154870758
421263800602,758517960696
421275394711,236474254519
421278560104,934144689713
421279502109,839434521165
421348136900,215861692147
421398289013,913477014962
421423543502,273625416949
421499824912,621278485084
421512027417,258105691190
421724790503,168605927125
421736298508,162450085504
421752920902,897129768690
421828372007,928638175619
421836745810,992048049139
421857948508,438583926376
421993767104,413756713455
422009212408,320736253044
422021827318,737240835778
422039012305,870259977651
422142161300,550586881300
422151187105,686427422864
422173866509,915735790612
422194470809,815496546740
422373792904,664425595770
422433868804,413892867015
422486071606,112674682810
422493517090,598601330260
422531674717,525542014092
422566006709,117202038490
422621621318,846335307403
422675752411,601230479073
422697955416,610622035318
422708849912,391356305418
422792811190,781001124817
422911928610,717065165845
422918044509,401242082240
422928097611,353729032188
422991159603,306929769573
423029980311,378664427622
423051956705,564243896864
423233791115,720053963465
423310381100,610608087276
423320283305,587123374320
423325915007,992651168260
423375345202,498326322368
423480824713,266030225640
423492833516,413892867015
423503623119,457955578340
423580256916,260269806066
423583199400,618771651757
423612207517,469553954027
423656997604,454604871778
423722985609,353496375360
423749993506,887357221718
423836370300,578001261836
423959911613,542775468118
424006049040,522637179698
424075182019,510833050775
424084237170,424713644447
424179113001,466129125925
424585948160,201673658006
424586076407,529817913578
424697047219,557446750802
424803145018,107376125399
424804156318,663536912698
424858021317,307284975605
424858192309,383672610491
424902561105,890200738607
424944504704,700501387324
424969729016,191923451211
425005093110,129793999262
425129401111,174230637842
425153505913,462405146854
425274113912,526281183911
425316487604,676655913126
425453957604,428742869115
425496661516,384984585992
425543231904,362091789731
425580422409,882165541250
425605324701,385836249081
425635288904,418768841671
425701469515,349911931262
425702731100,281926055570
425759505116,561442012077
425842347105,391599005354
425927004503,290739503368
425936544004,583102243999
426015958305,518870417303
426132420905,436682673574
426226695020,867090782785
426282785604,145321091171
426311092118,119794370200
426315651102,826101379005
426362652702,855010525566
426384365913,306427500958
426430627010,401524335716
426468196118,458865034895
426500441900,565964917193
426525389112,726591267208
426645737302,147494991073
426881569202,312575440162
426931739415,446895331878
427224632015,992994812612
427232384516,505447906651
427276654904,275942050477
427335764616,877131972079
427559323803,229473768258
427766525100,697652154859
427801966514,160461022719
427882652103,249699768265
427886225915,534393388837
427900250010,942509323734
427915783808,110829227403
427927778605,930000509230
427949877615,135975877955
427973215413,665346100548
428086234110,339822568996
428209166414,396454627238
428321962605,645622251793
428554503617,700076470973
428772129712,493343992417
429045193609,242055374555
429145585202,991041297014
429248038604,608053367682
429336394411,102644866539
429451091819,697372410200
429791207302,200575739888
429921472516,323066629586
429952733303,989542985879
430015669601,969836274939
430068992007,852911275914
430078756100,556713048284
430157268302,921246824940
430296094019,185837533904
430310857012,211273767579
430347828517,847663392152
430368368014,672109977420
430475084805,201201671705
430498016517,501985473170
430565365601,899520467763
430628694304,323654782752
430762982414,205076981535
430772094911,430580750526
430772329113,247213538548
430876123802,390084600827
430906983190,310382514304
430928675717,920718406310
430933036406,641528871038
430971063919,909754987511
431055871812,218741956656
431090919115,339753744385
431122785309,481225789877
431125341909,824678323513
431139665419,608744968501
431198383502,775382950057
431213383206,336797776735
431427651708,376052169952
431505395900,729052989049
431865671603,918450477017
431999338314,493236476563
432004029218,247223296933
432043957108,838293238283
432109638501,704870293677
432223851105,832816222779
432269631514,935730719380
432364917116,294943397516
432572502411,188671336965
432654199110,717141133881
432766016318,138114638521
432784156500,815941503521
432994335511,546479724301
433092667409,957829754916
433117701615,284801681796
433310476113,880080601900
433317954150,927170968410
433512674909,418410720959
433607604906,637865890329
433629638003,103317127411
433909308218,568936181720
433969523419,212527870135
434006277410,947382571811
434022236211,580946102389
434298949711,382739222518
434300851807,680054876236
434404021915,827483003796
434420149601,441323967970
434472076915,791073387888
434580898809,587123374320
434819971213,473879111916
434871663811,383537704040
434874567308,491817588961
435019821020,618597723335
435049396513,797915381406
435203656112,975868481313
435286017603,244264379479
435388687400,486302228217
435390897713,787579513961
435439812107,805902791850
435608315207,820702811959
435612749612,391356305418
435676641500,201131323144
435816871707,191923451211
436015183007,181404099640
436051908615,453400622683
436064147110,551757560980
436084158020,659350657355
436150701607,676772101068
436213033217,824678323513
436230837116,424974946635
436263327219,618040609303
436400550006,150862497016
436482352119,952248188800
436651852303,378065889777
436664793117,774228414814
436677832706,108881372484
436682920401,536883544961
436693546419,732104739680
436700096117,854482710272
436824260203,626744087912
437081635719,113383598152
437122596918,781085688407
437207585802,675144831250
437217401208,721386369875
437272488108,978579638140
437302357312,526072465373
437400845508,474907418435
437453810618,559544992028
437482314703,497985779530
437523593518,284221765724
437705535201,884374880581
437799281010,498723973709
437984387608,928372950112
438238422512,910380065966
438372128004,798708428773
438391850501,380500814503
438549774900,468346516579
438569951514,819221073950
438783286201,391623737625
438961732219,987474566940
439092974114,235546097478
439107144012,714653016659
439154399806,530867154518
439238852410,333914137833
439258894020,903784295803
439277775415,857377235314
439315217504,376274783399
439436471808,413143055162
439507882412,569007420250
439603829301,111258827905
439738526718,292395837221
439766246012,951164713938
439926349170,482460032535
439949100212,847578210677
440072229714,906726701667
440085572205,626264680504
440100453503,884006876365
440244250511,361077198388
440315077514,216091025274
440351085408,114528828148
440398634616,616352719010
440558489016,930077970127
440592945310,261834989729
440783998518,156573843631
440964372607,367644469808
440969121150,849589442410
440983087519,729395763382
441039200719,517940519005
441093206205,343456043459
441139304112,771095135645
441344228716,774790615750
441450562915,263311312842
441599091201,176127105038
441722180610,243190941126
441765317414,551326638077
441914880201,870015708745
442145558507,273608054690
442181120319,581698638144
442210404710,626430250300
442354656700,223173450939
442394883009,786631309446
442479957708,135975877955
442503730819,351638013489
442523146416,875485135652
442564754206,684536955852
442629758111,361034794193
442723304213,595470629817
442733396508,158150658963
442786842005,499802581718
442787679113,868566957353
442854367916,751723326481
442860361001,990827675465
442870736170,434439459788
443336344319,979695789835
443442075701,104335532596
443606712215,381538151896
443786585203,750695684600
443828865306,808098810621
443840321704,498326322368
443861952905,483490533875
443924658815,715415272120
444075347317,487888083895
444104236417,243222499880
444280088111,921783460233
444325468206,193291030400
444525078402,320859887531
444533846816,648166686295
444601826114,235787934457
444668483612,740172518500
444773411514,511100409530
444794143903,988442513864
444845383616,173095015966
444887850605,913477014962
444896536213,127138717567
444906581615,600091519028
445266291209,600091519028
445370066010,754131418292
445511287717,867548644771
445521970009,921308625417
445527646208,210318962050
445680612802,873156287288
445755335007,585249859827
445855027404,219484028767
445929733009,431776978590
445946613905,486879206795
445964937608,697425104429
446016428501,932026757013
446017387716,449692042560
446032197604,630363399883
446101213308,292023248645
446123023407,353729032188
446138404915,170831240256
446158820811,501276589997
446245866315,271936096806
446267824908,713245014474
446280900014,910666478864
446458380307,716700237687
446614600080,322727160155
446645720618,678055700094
446663730702,235440924456
446703970510,882212658661
446838370600,777417277945
446947714400,604525325444
447006461507,906028048490
447011047180,158982055069
447302865901,729052989049
447311720100,366215104249
447339755300,807063131206
447396642805,667772748466
447447278905,920640633645
447493387506,923945895080
447535266515,406682141197
447542140612,775384703950
447600122706,160166143708
447685852120,131606234827
447749687913,377162258094
447757437619,424582748057
447882956917,353656824200
447916986104,936119206697
448051311906,513831352471
448172970705,573514419218
448349921012,405397917836
448445784203,615473542967
448551639013,684308884824
448558612508,206762622675
448744861714,959312114846
448811656000,664951131292
448857877040,750135479481
448913877315,951643071037
449258201812,864938181458
449272263416,952600335030
449291674812,336082157544
449372208211,281906827782
449380287717,398972323621
449476840103,823380433387
449540269009,676531162894
449619695110,718804030747
449624887518,540619258130
449798553216,995402833430
449848619102,945315272414
449925180190,448307880433
449978903215,439198792195
449996412310,494353734133
450096628617,207143312572
450098003915,141190024640
450139422110,117658968911
450176110603,462441705541
450202117219,421637275520
450256848908,275952282300
450301305011,730954962570
450330142208,199658681106
450344419100,429976810652
450726622408,523499743033
450788070190,716698739046
450813342302,180106353270
450845372209,828896185117
450911764008,618040609303
450969088713,876697832906
451041288140,379288181808
451060771905,280800495360
451149311318,532109963464
451246685213,914751286758
451304990307,712752047073
451406205611,910471171037
451487096060,491140902584
451606113601,994324986803
451698477904,986924941057
451705475908,220461474506
451755865419,246489087607
451789251011,827483003796
451793785702,239106117324
451833452304,951164713938
452062769810,528251885759
452111754303,777015899820
452177593100,866972797700
452233877909,177970762655
452240249113,481327715012
452285929911,818829152792
452607603411,816348634330
452824823301,324609442558
452897316600,129203213113
452966651000,461921347911
453041490807,998264253825
453178144412,399092834585
453248513814,303343926896
453291449617,253299465330
453353096503,775382950057
453359683809,214894109917
453385330006,711728317650
453458448505,488882216559
453535030418,908182151428
453600507818,587259310430
453683852100,210990262934
453769089304,642134834655
453883158030,736074393075
453979899913,266650951044
454082734207,209548028761
454088924613,240852521685
454284125401,907248537300
454289415113,275561067480
454307713305,692472102024
454423077812,160166143708
454442231617,716436621518
454541790112,273608054690
454562304110,549636449528
454678512918,588745992523
454741305213,353168076937
454743917408,300563674914
454754563020,159819621342
454852466804,276274682219
454978995118,448496369949
455184636901,504464313442
455332507412,875485135652
455402262911,683798406406
455414251009,470685508727
455535815719,140602329510
455693720614,439439651597
455876142206,388161114520
456072946916,785417111690
456197762708,545542082108
456229203608,389818409607
456235351501,524129137893
456290855902,111829939005
456302556605,447093423740
456331582817,284221765724
456554856180,697652154859
456807754409,656774071988
456888134400,178868670348
456908019519,953031660690
456912973503,516180772090
457072340715,779918786150
457088712906,517987713838
457198319902,128210482042
457200912912,127745328232
457307510610,197655634882
457309011308,918667144162
457331371011,371422455004
457426473612,579628611407
457594371902,423332213821
457803684309,686909294800
457956293800,148319225632
458036398600,563893397453
458093813702,211016401120
458288259617,296810220643
458390333810,351638013489
458442701503,970413739994
458541352017,891220441488
458612484000,380228208294
458729069807,515500350289
458735731215,522637179698
458736753003,161245845297
458776705200,503130245024
458887261603,422956258948
459087444008,310493214677
459089207613,771720791726
459194895600,976406890863
459207506502,227357346224
459250685703,690586224176
459508948810,871080183531
459566223100,639394137453
459917198113,723519272321
459955048913,779732695756
460054044908,782107741114
460075990305,648624744307
460152745208,939437109289
460193992108,812471333747
460203061701,989691708138
460242524401,997327053865
460294901118,219366530797
460366870708,335127631639
460427342509,571497959934
460572803716,404387650344
460592740901,958824360880
460649136809,930077970127
460857843710,451977444657
460861797202,729352451324
460923241009,764496112554
460926717302,455825373885
460991675705,261834989729
461042166002,965742707739
461066115111,409840049020
461101477502,561408048421
461210216904,547989468370
461244482007,132362227590
461490367719,857377235314
461537032180,439226466715
461560225302,180638481528
461587633401,668115958896
461670766810,357075464787
461768550813,566730021367
461776904812,761377435190
461789837114,583976147665
461864575808,556270990256
461891108301,383522433039
461966306013,300720840651
462022045603,106274956521
462075469412,176391354996
462078959008,349961625785
462135781801,407735939143
462139043102,979403510512
462142679607,152296209407
462282647105,512433802669
462295323900,967697287670
462324286611,721746404717
462385881807,414547493540
462404562511,774405534242
462422469615,174095984679
462455478312,500643886205
462497520817,275903598242
462507353007,680123549695
462508821716,948556844020
462552278810,731408584519
462565614913,446515840417
462571735515,790661211264
462635960810,420407614301
462746594819,223618349700
462751454919,897368698910
462820866208,312618034643
463031877405,882212658661
463083133219,857166353832
463184019909,383184354827
463409778001,730340479104
463497854201,466345238126
463569637017,719155683645
463658695118,944870778047
463737857617,349102432299
463743672120,906726701667
463842562417,495716879986
463866090412,362091789731
463871811918,819585791796
463899143009,785138622641
463931417902,453400622683
464453563203,930243698258
464535101613,459426915082
464560741602,193931556742
464608250000,275295124190
464905082419,455518908109
465006316212,932373523709
465065427401,844477942656
465233728515,159663321513
465251143910,161595049779
465335356060,799368029698
465572140217,675181614571
465581508601,646945911682
465630124112,306071090008
465755645717,959899157292
465851564403,417849126346
465852034003,463420603148
465925778217,917297189843
466034960814,907141820830
466038881208,156730496684
466054893506,660335728799
466094553919,475395006146
466187019506,277334612020
466312104019,326861407923
466356192710,935054825740
466392606514,960091998164
466883458508,339646349486
467003244207,576736430075
467027847418,727746919350
467302425407,766358902820
467332426106,997886386486
467529213619,577480384977
467575130008,196001191406
467646698020,543117503773
467649903717,125708778128
467675799206,760564644918
467970552408,320024883397
467973031007,670020416796
468034670702,709755171960
468108040200,886681609970
468139647809,108144406080
468269222605,343701181351
468269448315,381902266450
468286038511,505447906651
468356485100,251224709585
468407420314,616448691901
468460319606,718045789485
468526170700,352828261900
468530551614,271606323631
468561031402,401524335716
468628190800,138404489039
468716256113,420407614301
468751449403,182188703800
468849669014,775382950057
468957144200,611284562666
469006513418,958321809211
469047053000,649910998984
469081889040,676349243136
469199604117,501807022780
469214158315,140890672615
469272625109,943105791443
469285465509,927948192565
469307148818,204802270581
469334607160,467063428391
469389447704,966570395553
469499879410,279739436763
469617141712,577854260519
469619332313,217932864936
469698234013,246921620720
469758923411,245763983727
469782464208,906811598275
469794916114,370264636888
469809040808,273978697271
470025544604,969739230238
470039071705,643691997484
470254371150,487872160990
470333843602,558057262901
470350998606,213271253576
470375566103,264088777932
470493289218,336275948364
470593201001,356446961629
470764794216,282897339267
470845346002,273978697271
470908170112,653861435716
470932440314,615473542967
470985917210,221994880820
471005071102,103539144205
471093271700,979624336528
471204058212,716310250914
471337507309,288537709807
471433336310,578001261836
471655891806,876626620691
471657312302,565181250557
471760384316,443396162821
471827974080,793337185236
471859691060,675847758607
471868767513,193244214379
472248934915,570381677577
472380188619,818829152792
472459771617,932408656224
472509611218,597016388090
472651170010,593824885363
472711425516,955728734151
472804156100,444943113751
472806954400,494721187276
472838809308,355042571318
473144585130,439388065045
473186227606,865815544719
473317436080,924825355008
473355559200,308159522216
473409386709,804038536869
473435307518,717492975213
473438825310,245948756760
473480347209,624663781874
473497675206,623141860859
473609586414,778851644803
473615686000,922666129080
473698421410,319112547866
473710334007,588745992523
473853692203,343486351227
473871752000,851384712636
473915831816,660561929475
474246353704,260709170522
474262938816,899520467763
474284318614,897554494985
474307357900,795668914354
474341925401,526781731195
474431672180,104341445480
474433352606,611650818566
474495258213,308851566563
474591786411,624367544399
474663475808,800218958053
474764558216,644946521203
474868083603,531242764002
474889966105,644423920784
475041012513,397081534961
475106889103,303001786321
475134678812,213140250200
475145099400,943546478048
475249485615,538845445106
475277005316,299939222251
475343018102,977488418467
475369705004,106255152380
475412349617,155509060871
475455882900,698297943729
475510666112,649730179161
475521121518,376274783399
475570232017,244283233917
475709446150,510370401853
475728253606,910000655414
475805054612,923748594922
475902041202,967697287670
475915671705,197941452751
475933258512,803607447245
475992427305,307165830084
476022367614,229507234534
476034363310,849589442410
476048981101,472540918637
476091151100,952931536932
476127824908,989341379933
476186759812,807828802376
476219338306,679384305372
476261144817,163217902596
476275181311,406170745046
476284587705,773666560270
476368527510,733047056919
476460666409,554236532455
476534297505,407216929324
476658006803,201693429100
476701846812,979009009877
476870245518,365029402560
476926211918,185204149569
476949544140,395572671889
476979568505,697652154859
477087669205,170368087460
477233149314,838452691278
477543198306,350368661585
477573847214,800375071356
478034049050,661980997137
478127647210,812172478739
478146110817,840777297431
478147065606,860525929350
478154268005,182806699695
478277803110,559544992028
478286587701,376471971852
478356255217,804038536869
478376672109,108653740588
478457979112,938165576989
478474244413,640306776948
478560970401,329587778638
478666921803,176277677303
478947422116,453909049280
478958839100,381902266450
478982495007,917420265470
479009438713,266054564475
479068440117,104604639756
479148195304,150273974897
479174170509,832816222779
479181796618,693745110100
479271332511,335218801190
479298155607,817310419677
479331422612,822028595188
479671124217,926101199221
479718426903,958815538661
479837822608,559755652566
479843818914,296350509463
480116152315,657023082421
480153588108,347284235171
480174925112,326242302498
480214219015,362039032313
480231759610,546479724301
480236291100,742664884840
480337030214,425007206914
480395450618,442003089457
480585312506,885967524639
480776829806,267539026700
480782866905,233926984358
480911489207,868833442660
480922748505,512315445080
481024018519,472436390055
481075313119,169174629549
481184018405,554059784746
481190729806,102595518630
481205890613,654016577515
481336713715,826901962255
481338593918,671591766841
481425537908,150801800340
481451921506,123451305973
481482053206,973723041865
481485975201,632478718640
481607204515,240650919053
481620754816,405764140161
481666239701,845787043574
481743368305,495912918608
481891405716,435266994746
482019094110,357320155462
482086776509,709755171960
482301886302,620935039655
482412612907,319468448204
482434733040,325948474818
482449051817,154500946687
482458413405,397317536784
482460833308,106255152380
482487514217,437688835432
482559401806,852883142020
482612057706,815496546740
482721294605,397317220140
482756527302,284862495870
482905751108,180912832331
482996969006,306976607111
483016768080,750570590616
483086668306,347927858467
483153070418,925994934652
483155099712,582505577992
483386325216,642810878957
483420860170,446013818699
483431193509,875849084841
483466441610,469395117752
483479460000,156730496684
483586254218,899084405171
483609100103,808161592264
483834619404,160374928053
483877884003,771095135645
483892342909,332077371668
483930934402,832577032496
484055162150,252849726639
484119426115,989123590510
484460293407,392227311578
484515164300,535490805066
484541031110,603057675594
484583976606,395187854079
484698253007,916637622750
484721205511,581698638144
484923375419,931652149395
485084303116,932300131241
485282552009,740961974413
485358582709,621005337570
485362562080,240201331205
485455605308,954846447882
485499063605,279411486361
485636884111,247901214219
485863497610,469856027449
485895611900,497910801860
485902507108,779732695756
485958148912,535426234605
485976298617,793349862460
485992624400,730217330795
486082323002,972317974779
486326588810,122703091513
486339123080,715317278660
486434130203,561082228884
486548712414,125408673175
486613320608,884006876365
486638224112,454089366335
486676939511,464542719779
486845981809,285706256446
486872505014,124097183321
487096910506,288067492828
487311008206,453008662859
487499486709,983227752674
487570069300,223523583250
487774226502,215861692147
487813232140,687412635595
487859824513,554238096385
487956050014,441776164085
487976358815,680054876236
488030878806,503929384036
488132423817,759251727490
488144978407,487110505113
488281710110,858149653307
488330018190,519537184019
488511062112,880842938614
488675575713,305912395518
488726042102,240201331205
488863175907,235858312864
488988346006,973723041865
489122317618,502799529630
489124494101,725006160449
489160969115,608802651804
489187476300,774814037270
489212258711,582822283274
489333708816,102986043913
489399042140,482823405738
489459494414,910275312071
489640150900,163217902596
489724518406,475121415387
489724874030,403601339561
489752438407,585172548058
489863931519,833058773744
489903062408,379029503250
489913668416,980633257858
490043587600,590125606326
490356293116,745794331700
490438746511,699279301467
490458529312,760113126167
490474717514,480698666520
490523951700,551388526145
490526350314,257622848197
490536645015,582822283274
490564783513,846911854740
490588231217,705544398061
490614468106,538052932615
490779731407,191624111620
490780712517,981979178449
491160353916,668697374343
491264298414,890843198819
491326080506,540403153555
491408095703,450655767157
491428449415,975618885113
491444131700,449420565671
491643044506,503099993692
491854626405,672635078915
492081388100,926101199221
492155274503,621809908600
492168326319,502115652513
492347357613,883557986565
492508373010,443987279885
492681285611,517940519005
492703878180,782107741114
492722259319,708953393706
492749836610,413143055162
492791011918,935817961310
492935211600,161978973622
492942931109,402249311707
493045487205,674430162360
493140978918,970413739994
493216319301,971596800057
493233250617,752376188777
493259927912,757175544915
493294227814,795161895215
493334990915,740961974413
493347716103,969738010706
493414217517,311954169083
493451319916,440993859455
493483933407,171932685757
493508913200,153329746164
493541914906,848439498604
493590746400,874778994506
493590995108,416204938282
493594224210,667606205610
493604161712,511023985483
493777878318,967982905267
493895436408,618597723335
493954744060,962885690344
494099271101,492043202194
494128124303,969071128775
494220585103,615171948052
494259494914,889415543345
494318775217,657023082421
494462476704,998673225604
494672818607,136513534292
494678732119,516374294545
494708676319,105545310230
494886676170,188914175493
494939203608,266009764953
494948485603,809912132714
494996673519,578534062930
495105090115,996326998494
495172780808,654009232928
495406232505,196107034593
495438222060,888967347266
495490164020,953031660690
495505006501,320859887531
495541800118,833058773744
495617828308,958149198736
495640734707,162227160849
495693992118,133135124023
495831815205,421516619288
495860902807,715926309140
495882623215,751723326481
496197245309,426097272894
496366870607,279739436763
496437789012,129631451499
496447646311,179160022930
496481929804,288537709807
496738977703,908795208310
496924009190,234450870152
497074069618,445958840864
497268668915,708935661827
497319884619,647845993507
497343940120,281760903755
497388472110,631233431817
497410837400,990461365229
497471827906,802692269332
497476596310,848439498604
497527986514,898071465490
497571759205,239692256544
497712556160,740214521557
497798748801,297055044900
497825024007,471437522832
497854742213,519584419137
497952269415,868461294982
498001892002,924825355008
498047137203,618542440960
498109056803,617131023707
498144758110,232253826517
498286233616,759251727490
498286807706,171252875559
498402696510,205372715065
498493544815,154620856797
498531643503,831112509809
498538822611,917109698948
498541889302,838293238283
498545186212,922810003312
498600261316,310242999651
498633577119,404773926677
498646444104,802692269332
498786922914,583107758421
498863413507,379567334638
498915355003,127138717567
499014382301,128355112335
499092131813,225956965779
499153270312,907141820830
499238753600,266650951044
499365216904,216091025274
499398221130,100370651480
499533189315,750657160084
499594545014,652056527909
499696696712,970917365430
499717888009,513499612018
499754441908,939437109289
499792444219,997354525151
499857667316,783491793687
499869217318,749801194554
499912033003,681308028784
499938415207,455825373885
500001380710,350327538303
500051569617,685393680823
500123477140,857166353832
500259192201,333414302415
500284723718,513346182897
500410185108,764496112554
500568881210,975618885113
500600041608,447104839575
500718933103,246511378940
500744890514,399293575183
500768667411,583428464810
500875127117,646945911682
500899563502,600801884990
500941925203,815413316674
500953534706,872827796262
501137376504,861338065561
501201889119,956624117043
501247491407,486807430521
501249901610,621987433025
501380389510,416204938282
501454569508,452272445518
501491454817,894966720600
501650954818,475395006146
501676653907,788941441232
501825631713,619673390607
501885140004,561082228884
501939422017,818702462027
502003612610,290739503368
502022023209,230834082759
502073202302,265901130749
502079702218,342246526437
502188430004,992994812612
502198717813,849589442410
502359159301,845787043574
502503508407,451406724118
502586770217,284138846910
502596102120,239834197374
502748855018,540403153555
502799772807,488126315747
502989386715,101502447235
503043268302,618542440960
503064437403,251613974872
503354314600,352598911990
503376147904,111417130720
503473856601,999252237930
503565900500,459822178617
503586958512,163384104150
503658484100,615464469981
503792353310,690137098050
503849027815,674711835194
503851300416,133135124023
503868046410,336082157544
503876288011,745260337851
503951429617,679474243107
503952584207,264644809916
504031016202,386095351908
504037188011,922758464762
504097451716,152587794402
504098027211,521489841954
504159024107,441225041250
504203150107,671506236232
504377985108,979695789835
504419784900,852001413727
504534057910,607002971669
504592535512,816410658278
504775967400,196001191406
504816576416,700816988926
504844041000,240987469315
504904117404,462421039346
504965693412,722223128535
504973212708,366719288008
505075368302,918976461422
505120319020,730217330795
505160213619,306816552538
505161498813,555293831802
505165437505,514763353630
505259759102,186251833688
505361319208,884005841340
505463093108,500340929011
505554154100,824678323513
505569809703,511100409530
505675034811,445296874661
505700151716,457765057674
505768151217,390715244001
505772883403,385836249081
505792209916,726034781680
505795477718,825363495071
505902748404,961869239590
505908122719,461167593390
505916453113,267539026700
506037269611,230184971787
506057058711,745115797510
506197636611,884095339917
506271740090,624663781874
506372495117,740172518500
506509002502,175281972887
506550760412,585172548058
506674860015,921175392134
506690658615,109886863956
506779031150,347745483760
506784469508,441505700457
506894205403,607002971669
507006169110,593783882687
507082571113,432240585363
507142778414,118013534981
507291290915,546233656224
507515489090,539003589072
507871988410,456168087873
507886063706,167783720391
507890499202,653990456886
508079819806,496983303921
508095772101,102595518630
508282975507,491140902584
508395024800,715999604521
508401996812,606279904557
508402443014,919601818132
508406348110,389818409607
508689424004,216120791827
508805426014,863952768069
508805671309,127279233329
508924400701,846440239782
508930652506,703833576670
509139549301,326443397545
509212888303,899295595357
509230431002,398972323621
509290231516,648624744307
509340841110,467939101384
509424189406,417849126346
509529437213,610668702511
509552705000,441775365344
509745397016,129660651632
509752547904,810245599759
509847058406,115132067432
510060627606,967982905267
510123252310,972230803734
510128202714,817310419677
510191734716,730340479104
510308722303,566950386569
510322584314,866757582981
510330433201,483476313781
510349353908,299022843965
510584102512,484981656297
510639001213,280063379707
510692862610,516324696947
510706929700,803077446579
510826345102,524563312953
511002862608,147565298567
511048237030,476612714263
511065125217,991895884247
511066856114,488890646184
511114151211,629705005398
511168255903,395235160407
511298268015,515500350289
511417275901,645818893340
511508721902,844822049496
511530274805,629226576290
511596605006,950154251272
511688334415,218145185534
511881918916,538052932615
511886221805,926351225004
511896710711,842181842579
511940904512,655599169932
512034694918,108563919187
512055523019,919898718450
512113981200,532126243790
512225658615,833789673753
512336506909,520730199520
512351187719,204802270581
512376063600,165461602989
512497980708,105598579482
512516861902,438353015814
512521995190,244987291708
512638272905,909563234244
512639786918,949848063692
512662178714,430834265162
512705307015,675847758607
512863403030,318012387943
512924543702,729241850390
513206589618,825144558878
513397716708,995802509269
513427764612,858408394018
513470162816,626430250300
513649467614,104132800109
513770288511,755415385948
513796201705,333494753419
514063458907,689656129001
514076796710,965710546765
514099021314,427699899903
514108628017,948556844020
514173067408,143201902749
514382871100,564881191710
514432199000,691141022598
514474009130,425931243115
514549661600,441957726260
514556958070,989830143249
514693743311,857222207300
514752951514,275295124190
514783542130,403601339561
514997492802,601565767049
514999717903,949131194001
515075274000,760113126167
515080235210,454993852980
515158129105,457284930631
515221655503,556713048284
515316022705,181491422174
515521821802,781085688407
515847938130,838229992130
516037042040,744640003290
516038478700,824678323513
516069937307,634396088010
516102998180,912428060012
516135551218,976080994319
516172904200,189430185215
516296447050,346107100538
516410893000,758012378193
516580504170,546296997143
516693162405,181740076163
516753512511,526224822210
516864294818,315271651310
517080296802,877724011035
517082566518,864896578426
517223106501,123735600860
517328588310,970426885002
517340818600,138222563393
517428107313,493480251672
517458664003,331903161738
517460841810,239838186046
517501724160,211569263997
517528651804,383184354827
517579581809,367409025287
517628328409,539129945400
517748397706,805782654862
517840647204,927239097199
517869138714,720954062958
517916646402,481327715012
517991236417,885420749267
518005047905,880698113730
518103639603,785138622641
518279776808,495546329568
518370069140,713300870049
518434575101,710134806607
518443181516,957665146586
518467252906,411119951468
518511744012,140665376445
518519121403,218599603848
518532222090,487248783204
518653161908,350368661585
518744401400,102075977289
518825155215,517940519005
518872041201,894789761332
518911826050,100854699543
518979641715,682768328375
518991492010,811970679954
519133827800,475769402875
519145524902,298857950638
519147243102,774968894081
519357740100,315002307675
519538529015,869747813168
519608556001,370264636888
519641651003,268968500151
519775344917,987881577360
519855150507,609247865004
519931991090,117159514589
519958697415,529415804160
519980942212,605054008590
519989681910,951416379360
520030915901,106868597720
520111074105,302632710200
520218401600,275561067480
520232668317,252582443839
520441643806,567094839304
520462600308,699542607016
520479589103,827483003796
520482237006,552687973153
520500248016,518382414521
520601465700,932373523709
520748701900,418312767513
520819459718,468158057880
520826826614,428839669750
520873216204,363508863542
520965469819,814674440434
520972861204,886487779278
521037020080,869993920720
521175497105,306845137711
521269021903,551147965870
521463839612,355976421026
521465717316,795353979910
521493786706,663464471173
521563923510,303221724891
521569917610,262676561182
521570000806,569204090460
521608746718,886591177551
521615099108,669933172656
521750259907,917154959110
521828912506,310026981901
521874330901,295201638533
522002460404,600606721975
522157512501,237207222154
522174181216,516463017032
522292598104,785211416551
522382660816,601978395850
522413461717,654009232928
522437339702,226597947729
522512152615,451698309653
522699548060,774557953954
522742034160,658913680566
522752737411,511023985483
522789547409,963787312649
522876193908,716231147722
522918375309,361069634470
522933419015,202971080983
522947110305,430977932298
523007856170,444781954760
523040077050,790947301613
523193495017,698270559734
523258906414,318012387943
523262734112,697766307442
523337961900,782659300337
523398366040,946990665610
523469455401,267634452826
523523761605,300704303705
523633490908,764469437992
523855443519,154495051688
523871449816,847938339758
523909065718,298025699110
524021160215,543427382426
524093512203,837431861147
524124521808,553280589959
524200746112,593824885363
524217272709,643493573504
524268938117,540403153555
524280878007,676772101068
524630874190,932408656224
524636683015,174566916689
524651488203,361077198388
524704930515,421642112806
524811469015,452272445518
524834950407,137791749281
525085593410,462268677683
525224325502,579175175342
525240456617,498326322368
525635438306,270578538877
525707147709,101802097495
525741779309,190774073266
525764394608,949201489524
525777278101,275942050477
526006114607,118556878692
526024797013,450655767157
526116868810,894966720600
526314146211,983313540939
526370882012,721305146970
526425979810,901352078437
526432171811,513951201753
526449020819,239692256544
526492306415,658704360449
526682197901,689252096434
526699703415,850612288431
526761791815,337142364882
526934250518,535397156325
527101499805,899608609946
527146803000,648825360469
527170257401,508600317939
527208105411,572543943417
527233759607,582587651437
527274248211,999642521140
527276273607,827814877762
527305796516,966090434697
527313166112,697652154859
527355800401,815496546740
527497420410,898046527864
527513855109,116618543436
527633374219,733432190640
527723277215,518274541193
527840454130,117657959535
527846649815,352106933111
527906393407,773604124343
527939095113,541605971172
527958424919,646945911682
528108118407,389312097369
528113071404,642365587218
528135094160,501151382510
528221762905,258756157654
528303590700,692686425729
528389932817,556713048284
528447553607,970242508480
528509210118,779140581705
528645617216,395916193624
528835735403,434313163800
528839767700,200353734431
528895782605,270320256710
528983671406,180912832331
529050883007,905681905638
529096168205,374474268410
529121107803,273625416949
529136473170,592641058910
529170985413,655899553626
529185330007,410557151117
529256117303,497159532832
529268910916,773795458349
529282935709,245775121570
529289481712,429708517860
529299160614,954408127549
529402419208,280514876880
529436595015,988225802912
529535834111,331437726312
529594666800,564536741727
529625586400,113247672699
529684755009,240584021465
529718146818,593824885363
529784076512,440994126470
529843774100,516869125759
529926260904,628699122590
529993102613,269819010160
530078598000,602697705551
530108391316,137952614754
530133404211,892114318866
530168820801,945315272414
530179215004,925065102002
530209343903,219035351732
530293085206,273625416949
530582489609,981497446971
530654553812,374988930244
530774165206,397154104499
531041945404,135982243279
531166470204,955616559963
531307589014,810489225726
531312206040,587725052781
531324909802,873156287288
531491514101,581892318661
531562125206,647902387628
531564716502,782610251238
531664139413,189430185215
531735314310,283247257795
531758192000,223618349700
531774851313,165594571189
531784046209,457955578340
531801982318,931652149395
531946459600,517408343546
532049472317,477896416790
532057789040,938426928019
532232527401,766627766512
532260083917,284282786602
532376460109,957625022374
532754479501,618434161412
532890986513,901662669971
533140807615,300720840651
533236595608,998963822666
533328549518,356118903216
533365113207,342823326402
533655830303,414063576033
533678762113,296350509463
533693534203,764469437992
533808824410,122770128726
534148583012,561934508086
534162160504,279966436879
534196255603,394106206387
534224554100,675731527750
534284703707,159881679437
534545043009,208877258999
534670347114,911614505900
534816882211,224277230549
534921968110,593082733705
534922533607,108982884892
535088238215,987220038312
535210284904,744675028100
535241345204,418606340338
535536495170,220461474506
535554023908,501225005956
535580688905,790661211264
535599598705,854263966935
535791263602,564243896864
535869475718,371659326927
535880483404,244325396180
536088412811,889461606062
536125081613,370831751793
536270639418,395572671889
536311107907,540983807470
536362660110,649910998984
536450900307,866643764829
536578855616,411584654908
536643753215,610468273790
536750489308,951041282826
536765455419,868833442660
536765797105,890200738607
536832904618,600954005371
536844272601,664790186080
536853983200,792758085947
536949431907,398623067673
536949563201,180777852276
537018358905,725128038619
537062760615,965096305667
537064482718,778056942380
537088509904,130885652322
537100571213,921568382882
537101750118,932638113876
537138212502,972317974779
537186805718,193509092966
537195144111,558844976270
537259117030,556324323359
537359466617,682888753634
537532470219,264509275758
537617878918,707055000245
537628249018,229039827680
537661599914,761070306373
537707352710,912719753388
537726321207,559056551681
537799503501,623579347660
537800346811,186261612944
537942901101,443114352930
537962600060,301994561797
537984858818,828084752968
538057675818,782107741114
538095951509,347293140776
538297420213,794332164890
538372266160,323661107320
538550183505,666051012896
538595113210,817033449187
538670136211,692645069449
538672885919,901818736660
538831773815,945340517226
538971270100,783643029343
538986298609,468530712577
539030202917,484628088130
539116290917,320687893926
539236976406,136514175036
539353648809,100778778937
539745676611,406486842902
540171400200,261440055852
540260251160,646533089905
540284003016,942509323734
540286744509,975992773050
540326517600,109177414529
540359241200,823377250715
540425498101,343108186644
540476277140,315002307675
540505332814,693578087291
540546305516,471749637486
540619749017,962618607291
540739058003,981190233602
540773547111,122770128726
540807921806,145321091171
540881033919,397081534961
540891164215,618597723335
540907351401,454954316721
540916265109,234192976502
540982738114,370707534009
541098930120,619789204917
541101254119,139081644784
541109295606,559339952210
541346398414,125229281120
541366562016,869744623729
541391546603,681308028784
541438736907,871786166615
541608090700,498118766214
541937536709,517408343546
542054905510,467566346992
542127531112,198479543181
542350219410,399682552679
542450808190,951587392070
542486753613,404261833412
542548561012,346241035661
542617819710,693745110100
542654574207,784945150584
542698970901,487110505113
542707258005,108982884892
542856601507,339753744385
542884888002,517587639900
542955355719,975452100580
543113808806,305627012174
543149260312,320024883397
543261100001,425996182889
543318492703,957876165252
543319544809,976406890863
543365790210,913736310112
543403832100,981616291149
543413626609,561934508086
543430972000,650715180830
543793341604,613967046220
543833354512,310485097973
544137468103,487198233765
544267037006,409053717775
544298201014,340671890336
544348517309,172732342752
544399254704,216091025274
544474431800,509607847668
544486360707,328686531330
544633753070,552168150469
544704245910,295071170146
544754604208,889384585673
544830944407,298025699110
544922779012,634612848775
544975762119,615473542967
545204208503,403448296787
545503579317,974839396291
545550372909,217934895483
545606295109,319112547866
545614294618,838038001328
545711749215,750516553830
545917842160,274410723387
545962705705,486887694897
545990280900,435024026090
545996275307,998726845514
546024140010,642365587218
546035207503,559544992028
546206060100,678789722407
546331410905,654722184425
546335561050,791676850245
546365791401,814514354669
546506564408,333494753419
546522603308,201426499164
546607012416,937990078940
546751857100,208449698174
546754279117,906811598275
546828311111,668115958896
546876321803,742818532872
547008694106,443708968930
547071575702,478619453795
547075723311,241267427111
547126257907,292206657594
547138395000,348693847765
547236022102,809346003406
547294905914,494374256883
547355215215,710475554537
547386991913,576384590524
547394524900,829546367764
547464362517,556270990256
547494819300,465376630157
547498454214,615855883671
547714389402,947321242016
547996549815,771749100136
548098832102,624435957903
548101283215,392514426176
548111502304,793150083485
548227072414,164774032970
548325665819,178246670550
548388711613,690988570552
548395415207,462240084840
548431133504,915819590692
548565709107,544465704983
548618367812,808161592264
548665350418,565784644814
548671935908,134507028392
548699861502,600158264214
548809796416,754302144546
548855267207,963661778050
548859259002,333494753419
548883827211,725596135810
548888397818,146621481610
548906485090,662026959880
548965337111,107601797006
548993513715,676655913126
549003745905,772533678630
549038334008,731343311790
549148513109,761377435190
549228272010,755346370294
549446081610,376229852115
549467155411,613821930927
549486073204,943216022128
549516605908,224119113218
549690483712,745794331700
549761550809,154620856797
549821587107,779289438946
549932533400,778140106784
550038515704,909745966120
550150052412,111517325330
550300866906,482375767671
550338988416,108881372484
550342253219,611426731457
550343610104,397317536784
550446563608,803607447245
550448493612,553121696892
550472976912,211016401120
550526197303,878516405417
550533474110,732838678545
550534286302,111910874923
550541140070,568889036661
550830047090,243844928686
550979045818,178102503935
550986184615,694550688092
551022507617,808765683111
551068324115,795637108807
551132965214,457196033941
551175668213,443114352930
551199880107,160166143708
551261223700,477206724192
551499830200,769988763369
551664012504,448258896637
551755240118,965236609719
552148759715,190868119534
552242300205,977959083333
552326907412,350475799183
552354720013,446429971687
552488458120,980633257858
552523721500,771615983212
552536007513,178929796569
552558538309,380801930858
552652674512,829575912632
552679858006,229039827680
552754994305,869669854201
552778604713,614825704620
552810208315,129893255449
552853543006,306796326021
552889271212,725006160449
552935223502,715317278660
553110190700,504226875639
553295990204,257902491991
553311945218,510603068914
553339722030,558551918580
553426121904,252849726639
553448906306,701106701670
553464156010,601230479073
553568258418,668697374343
553666962812,524075991144
553736249815,165066138168
553861490015,684894330686
553881214619,826901962255
553908294716,781915183401
553935575818,721653462292
554018390114,996326998494
554085164816,619250977772
554255849812,452406830301
554338168060,901360355998
554606764000,510357122107
554612280316,104335532596
554645475510,594347291315
554700278417,790101315365
554814642414,126147344559
554815694016,881559318595
554833100618,749428645381
555021085903,474907418435
555058432110,999406853777
555173154716,388902763931
555200295600,588514433046
555218750204,803077446579
555226220000,627317796717
555290556118,696776404227
555418990080,676175923575
555709214311,342201294751
555749292809,377162258094
555751293302,456414333269
555846018413,682465582875
555855085809,958824360880
555865548412,619626753517
555867400014,122742699090
555869559411,875174801077
556020598017,878883386320
556039824517,705833752825
556138595006,594499675721
556198637012,541611768757
556317656908,391356305418
556496996100,681308028784
556538949510,365029402560
556749992816,779918786150
556773963017,984375353100
556893390202,934539230400
557101511919,438583926376
557109740410,639582227112
557416771614,365286095284
557424843204,416204211304
557445062505,749383309234
557522777708,981949383653
557547242711,846347274600
558043473617,686578826103
558054554812,576639971515
558132437904,985893215240
558189980914,518870417303
558199805111,883330434710
558303759112,959752782680
558312088712,275561067480
558416131130,483544936853
558478011508,447312253250
558601861300,137318302246
558640407013,343750992390
558657079190,319328451706
558872477501,778657820325
558964184301,951324197996
558970437201,302632710200
559163707817,834726819059
559170808019,268888555037
559178652109,311214200926
559227856012,145095873288
559236873413,141473292411
559281971910,329982993844
559938558602,823556294608
559946301190,118297692272
560045609002,148319225632
560183103609,190714352650
560213458805,431069736513
560216516103,138404489039
560245483015,411355314300
560269910111,752376188777
560420178307,305597710406
560423598608,122770128726
560441203619,829546367764
560448841017,893286402448
560477789414,126044130072
560496560100,877131972079
560501722107,102075977289
560694492060,323324902112
560697164408,480833739893
560750411100,254298099528
560774541708,592262436122
560793512411,838321998904
560837474609,767029787982
561012306608,864989941234
561066905616,561934508086
561223280150,895586132082
561329220701,315664959762
561408397419,169052685035
561454633700,805376733456
561457614508,727746919350
561470788119,426090350017
561504439301,266650951044
561782775800,967697287670
561885043130,894962824130
561955633000,137318302246
562202693150,622385843000
562635807608,325094470922
562661777113,805550801418
562844741911,127880294152
562851487213,291365653924
562977919710,864779461851
563050003703,832061986201
563098444817,557676042992
563103799708,640181503584
563166246407,793444342145
563228004602,256230623488
563341182503,434313163800
563426236800,756268279390
563473024711,565978291649
563483413810,105246016894
563644886406,851104247916
563649024710,142682764512
563658467600,515180682687
563706512012,619623932865
563743824905,639487682990
563826022003,630953442812
563924671090,709261315472
563952325713,989973894380
564043817307,654958516058
564047214518,983678459080
564119069113,265656162391
564192849615,742818532872
564194072705,743992929134
564352551801,175396413194
564540064500,401195477807
564584172404,500340929011
564599391700,395572671889
564639242003,962008075355
564655039304,118556878692
564669357304,136211867485
564678594414,649229929900
564701913317,955443810255
564842228208,407989853089
564934317202,794226330366
565032103505,372848042580
565058919106,870167529821
565121401811,296969825940
565151265216,348948067766
565165137080,211071839110
565171210808,710536268412
565177209604,652814694050
565310666205,286427777422
565384710507,913108595012
565435902101,360799477808
565611958006,701741195947
565666420104,308851566563
565978915512,484447596668
566003550210,537539601977
566016195509,515721991891
566044482512,629955489669
566120613313,925994934652
566189489114,142439637903
566342962000,622797326730
566535675706,321649550550
566566663705,551669908216
566682523905,645622251793
566874489913,266109945145
566946419607,681627466031
566983192307,407804157399
567144707310,829527837408
567226820612,712281851526
567375481805,639895391460
567427104705,567765641776
567458848405,347825505488
567483130007,314050428335
567514578915,767029787982
567521805303,377134783300
567530466316,995402833430
567576085914,311034258170
567619804209,985893215240
567687368017,483151057028
568334857601,793940507816
568354282618,900813191563
568563354003,951914899826
568593729419,518382414521
568697599606,359697113946
568787555060,168605927125
568868821501,910000655414
568904144019,466129125925
568972661019,358962148462
569285583317,693076930951
569337013711,531975390237
569490121701,124398520803
569495083113,688276188400
569616209002,830904173455
569786282150,937419893260
569816089800,683553980682
569962651100,852001413727
570056323120,686389825928
570259174204,857893305732
570543893412,320024883397
570626040709,342246526437
570671826407,717492975213
570704071101,643611938452
570865393204,441390486279
570884374514,175281972887
570902236901,167424030963
571054591709,478619453795
571067468011,106036198731
571072421606,353496375360
571081387813,688065798870
571363822005,249699768265
571429080600,954408127549
571502100040,410849115120
571828356400,889657930981
571994627300,944961889596
572038195113,810075681480
572115894315,619250977772
572270740918,751559736956
572479126613,366395363742
572520839409,832065160945
572624672603,861140573631
572764383714,108898030024
572793627902,633422785452
572866074016,619403832814
572947515204,404773926677
572949986608,938165576989
573026694510,589044208535
573131307006,553280589959
573132587140,981765484506
573157448113,681083882448
573163286317,969266793692
573193959906,637467916719
573352475180,880842938614
573425743016,818683770200
573466151807,557473299749
573714126115,386560795206
573724288006,160704595230
573865141719,286981455215
574003869600,210990262934
574245007301,457196033941
574270229417,689663226163
574342536120,108812514505
574382852401,667145722786
574533418500,782659300337
574671603602,700816988926
574816474113,936325347962
574853090511,467566346992
575032127417,333576356000
575165876819,859839357186
575184516117,420287778757
575248699807,452537487973
575286515401,992308900036
575308261700,792925544623
575358359708,815941503521
575526199307,751838059160
575699043717,951643071037
575728107902,101785193126
575868296406,722223128535
575947383703,764469437992
575995880116,644818562724
576031858707,890200738607
576106829016,908558625787
576217818816,431180275075
576247498216,396882235154
576285682203,309322784113
576347780100,983313540939
576565600119,382319141926
576787061211,850612288431
576885658811,537539601977
577129040915,281291617232
577166494010,373145085123
577186626702,788941441232
577210077917,190430799087
577322735101,912726787345
577346888117,758349536811
577461144901,980742915800
577478096109,333362859529
577608911511,541209205552
577711642900,803110085078
577725403216,386471787276
577885720616,134140431750
577928518508,122703091513
577985253519,603160159537
577997761060,700501387324
578009972409,925098578162
578016023708,610608087276
578069560404,264930944349
578390165214,297381832960
578527678714,693463517393
578536117505,349102432299
578555550120,593139725044
579286512801,638730785078
579288057419,455475919826
579357251308,423732503577
579455720403,708953393706
579568502415,239840078804
579698494407,484183163237
579759982418,958321809211
579811665119,637651283521
579938614204,558300061869
579984533907,213881165240
580017527417,607753372616
580204988110,169174740434
580208241603,391028563408
580351445711,488720445533
580459401217,645609972910
580699731118,420144843635
580709928417,113568056039
580797759919,976383439340
580842131418,335127631639
580902393119,247753787478
580907026004,479409976749
580961709407,779747933817
581089165707,846911854740
581120855407,706317930542
581364294406,900965856544
581451452020,805134028094
581497996001,970255430383
581523472116,262675409150
581550301310,559595546033
581578522702,765224301959
581700919702,266001096749
581706748306,515721991891
581714482600,117460850535
581809850618,835117766244
581865304208,928372950112
582036514907,621491787152
582047950140,619283292930
582049899802,910380065966
582425900311,192051771567
582470702117,232833506172
582510466411,636321331695
582568791804,742853567046
582716832617,156769674980
582746635506,767861761746
582910114019,772533678630
582954322403,262675409150
582959096416,263275216855
582992516410,667772748466
583027371207,653990456886
583033647510,460376185423
583161303218,871106357750
583176558406,118297692272
583222120813,800386389052
583268844050,870186505216
583359130604,273962344650
583458611217,292395837221
583627627617,220114967848
583856344308,474040566374
583915775416,880453226182
584001938110,414547493540
584156034608,936491432137
584206363180,360013635030
584294513110,464542719779
584325868413,886242399835
584329286616,700076470973
584575818217,504918864703
584582482819,511669807644
584757165812,273479658951
584781197906,114329854747
584781860003,312618034643
584979051910,496233560135
585104564209,501225005956
585200476811,467981093943
585259559412,607480377570
585409830813,616512937370
585528692811,719115042334
585552130914,127138717567
585589912005,829546367764
585592941316,951914899826
585738426012,135975877955
585788788613,592641058910
585875147019,846440239782
585878099714,309220474972
586041403115,885680403466
586128571101,619789204917
586158026517,100778778937
586254910715,751390303258
586257684117,145321091171
586320467009,226383214916
586530179412,936189889914
586570963017,992674120266
586654087715,686694562690
586687844012,943105791443
586759669610,504844910171
586828302714,486807430521
586842302140,621987433025
586986135070,622797326730
587186390619,145095873288
587491888211,716788644341
587495183180,925098578162
587510471212,954677745858
587538150313,242520035191
587649866606,341768194892
587743855603,589934865644
587944811314,650715180830
588140067170,323013047228
588254841714,844656798980
588260720515,122770128726
588262173090,263613159510
588288793000,910585549188
588430855701,750657160084
588639382215,853145308580
588654987401,323185427336
588725928503,481052348143
588728640604,965717067000
588741716411,193207312171
588751168313,906837105844
588777382214,545542082108
588934951314,749686013133
589028860918,899295595357
589099089012,193207312171
589107105404,280104553015
589130274904,907141820830
589139072414,466319014252
589194228705,884855887500
589225270612,488187841204
589432706406,510444299541
589471104108,871983273002
589714991205,650715180830
589805598619,347745483760
589891412403,918667144162
589896040211,402719751569
589923332601,684851444127
589926099407,783491793687
589946790003,798277706137
590092477619,493239186093
590106758814,352828261900
590194562813,549636449528
590330216120,283600161000
590476675801,955641935369
590516179615,205328066536
590569571513,973953347475
590595257312,989373451641
590676867406,352335411645
590689891904,115996675820
590770435303,686614640357
590933474717,227446279182
590956048718,857283321345
591043945908,842178726269
591081457715,531242764002
591193545916,340671890336
591307000519,181491422174
591310877102,715926309140
591548139915,988546131697
591622453115,581179038621
591653440111,761543425761
591790502414,319636474790
591801835007,866541785450
591805271516,549998160679
591823202803,178786843121
591837822204,511458337101
591906649913,601440802610
592032155003,877712690731
592172376219,847663392152
592325212518,530166490635
592332229514,951340440980
592444345816,628626216221
592455609419,106397579461
592505793504,345899648751
592634548719,417631742872
592691884907,580991965518
592705807812,382042337021
592740745808,573514419218
592756917504,504844910171
592828706810,907909613146
592843534405,412061962934
592923202180,650715180830
593201282515,315817591137
593261897507,522274417175
593326121302,620979242816
593583507712,682465582875
593599790503,142682764512
593720673501,518350055381
593838705916,551870185700
594036408207,853700924583
594063671511,642810878957
594167321411,851104247916
594167831914,947378045557
594222057102,386410564428
594306265614,680760118287
594384058612,213169682082
594415029911,965236609719
594441830118,704103807356
594523072401,564564336097
594616263014,588198770952
594732689106,160704595230
594947252119,101174402474
594983691208,492043202194
594998896415,930229047484
595001640403,357837609452
595014204214,146611682480
595254935013,797045594084
595307452115,680922346941
595311717809,695160947762
595344435090,517408343546
595361854918,425007206914
595394054060,954449245879
595413474009,466851332928
595436580412,617652276041
595457572205,296810220643
595565523213,839308062132
595593844700,725460629640
595635607205,766074739422
595667522714,906884966225
595862872017,384287738934
595943053804,163166421418
596044297912,841237392977
596072223016,499521958940
596177325613,647902387628
596284035907,317872176824
596368185013,602697705551
596498990512,621813116376
596512095110,645573316838
596663436007,210990262934
596756329806,300656870253
596793497819,307012161326
596801713901,103329457793
596904003801,846911854740
596989612414,918762376057
597023376504,886681609970
597055643010,484844376039
597254484719,671902823533
597297274512,782659300337
597328586418,751299050922
597346015800,196001191406
597369885815,715415272120
597383262407,558300061869
597412226316,776325548767
597464953703,107625959284
597521044115,244987291708
597786312107,401195477807
597826244211,386095351908
597865383610,540619258130
597991198408,183864548939
598045326020,476906974810
598051939305,614825704620
598232248615,234192976502
598248398119,140748434620
598327315915,808764281666
598336543714,335446531944
598382821705,706672014185
598487747912,480698666520
598495770100,531171939025
598519808516,441209858211
598571642800,417228670736
598624725203,215140091620
598705067515,275942050477
598841089514,296350509463
598896096909,686738068007
598926641519,900389076621
599010067116,555857771819
599036103518,638173911218
599190442607,230812427348
599230749000,819883183401
599239737903,686272909215
599249074216,910184532110
599281440170,965388443624
599459445514,418312767513
599494981216,514763353630
599521911206,269388912652
599564219012,832925420611
599599875116,280245900258
599788482080,641923451984
599831825613,157733817250
599838575713,932300131241
599932846510,582822283274
600197632901,412511144230
600228969017,538129475437
600294661604,630400972747
600316841115,666718694961
600391077402,496801244160
600544835307,274254359432
600546788008,469856027449
600601002113,862126886047
600694228030,583411832788
600851306101,928581162508
601023932109,561019356087
601174342307,225914658245
601385044919,116868723551
601386929715,684536955852
601448644200,545898113724
601678260018,805782654862
601694647611,479529526267
602030613714,418312767513
602108259109,866567640160
602121491004,299984868031
602202773900,592609379231
602354803407,721211686588
602586599904,247901214219
602600531807,217152867339
602817021001,991728055010
602847722307,541940506013
602999053213,237854907680
603029941904,271936096806
603123361030,896982397236
603332856209,800386389052
603369599718,750516553830
603380901206,949947121170
603526172702,336082157544
603617318117,941313476277
603752199919,620828118493
603801127319,385679688740
603828717712,689656129001
603832145100,954520469778
603912342910,712620740975
604060922910,266934150610
604067973405,331361301292
604129595516,457196033941
604240124000,964593982915
604248111005,884005841340
604273627007,341768194892
604410091409,781915183401
604417893815,886232831276
604631035619,294943397516
604645270916,923488914253
604712075010,237148356717
604745165617,187742247710
604808475602,305597710406
604826932115,748696313460
604846460707,345475369289
604898174507,752972193290
604956400201,673474582885
604995996808,729352451324
605105936301,650751569506
605172811816,154620856797
605276275503,102595518630
605371501900,944041697160
605378732510,988546131697
605435833012,167424030963
605482045704,337047087637
605556891100,983227752674
605651890917,406825076972
605693008001,715162390284
605758805416,621543732578
606024626602,286789102962
606089794504,502387627943
606331509805,469395117752
606351131412,837699333504
606433642403,917500724008
606471085917,345899648751
606472396203,163086171568
606495812218,505447906651
606581469102,401195477807
606738877709,386111827150
606811920518,690988570552
606844039505,803073267532
606940243117,356214352570
606981107113,471749637486
607189298003,457765057674
607207220011,818116477662
607282235130,125764881521
607495839813,701455138482
607589867415,146611682480
607613545800,464564662297
607626422007,652324715100
607628134912,818829152792
607651943120,250187185377
608018002318,795353549260
608028963916,603764767574
608112012311,805104646340
608133364909,787579513961
608139158517,759852487110
608175566101,220114967848
608215674810,288537709807
608263997405,171252875559
608302835510,712281851526
608320850503,132375926411
608690909109,638596155210
608739956713,145148497940
608751987001,733764352382
608883968313,226383214916
608887782703,717587726819
608953803910,540403153555
608979418502,758299734350
609251588017,268214474269
609412151614,332328206377
609595527812,832655416013
609811851916,257622848197
610059984311,238446439071
610083170903,106036198731
610262354805,497085284779
610270460313,407966229465
610319136916,170462615153
610390905707,810308890163
610436297804,577523405354
610519440300,418626371483
610570803514,477544662558
610631811718,688192361710
610754956912,255423405976
611025922215,665002727877
611078091216,990280577891
611099439005,462711126320
611107587816,336082157544
611154109609,409173061020
611274915308,619623932865
611927718715,691141022598
612000186508,286045780050
612029981819,505447906651
612056197205,742664884840
612287055806,535300291570
612342542717,989691708138
612344257904,248992246312
612359878414,413143055162
612374076915,242150678023
612400694707,139437007076
612418825209,554059784746
612435334302,981949383653
612481662700,104335532596
612558498180,155485604774
612607589419,567507789351
612696517210,964038312692
612702169705,718831524188
612793401910,167601635793
612808777318,249978605996
612862120601,870259977651
612870354218,796074062600
612875574113,824422573632
612892055414,459426915082
612934726705,295230325300
613042061506,950711358994
613062835906,720819175797
613115143605,786052459707
613128719416,221994880820
613162169505,579029162213
613267734613,458236007658
613368718311,421635438314
613484866413,517719082256
613681856817,591929985027
613686021511,390715244001
613720989901,667860711073
613761786901,286045780050
613911018613,602435897167
614099390501,831100814963
614170098060,249620476741
614174353105,517987713838
614421416404,725705250120
614516346707,495912918608
614524646170,684851444127
614854071600,309163603406
614866136214,913136255272
614920421160,117081749451
614957133911,838522250083
615114782301,280514876880
615117550120,416086391650
615165980100,656415141075
615406101110,310485097973
615585760407,495546329568
615706280309,622541482916
615811770012,512031072555
615841521616,300704303705
615841649307,441658931369
616058000316,991559699518
616103258609,857551082882
616215858014,830904173455
616286960016,135975877955
616304301602,823277634139
616392623912,970921222021
616418494407,996326998494
616572453213,696542752017
616593590700,799405813411
616594228619,309653138112
616603077306,926145616851
616694415114,110855195560
616920249317,499426782530
616954635711,636728050655
616972305412,446312811712
616973806817,837856585190
617003930618,318928781870
617126532304,300720840651
617153154400,628626216221
617277475513,814209980174
617326985514,640181503584
617329713209,906028048490
617386274610,246511378940
617756783412,984071171836
617948051800,448307880433
617991962140,489248885909
618031794317,955616559963
618260468706,176201794340
618315628001,671506236232
618519503508,987157946909
618584402906,218085248402
618877445117,437688835432
618920004409,890584555682
619096376216,482397041840
619193101913,869669854201
619279537010,252982746393
619310130918,621987433025
619405030315,281325775540
619459369203,739996455017
619470896017,407392911299
619481392020,917154959110
619754761217,204843511787
619831037401,135096360551
620001108000,517408343546
620016169120,745656878877
620102597718,142682764512
620110146410,146621481610
620118056916,664011009906
620147864819,249336768054
620215333610,338457446543
620227544706,179160022930
620426675512,454766941859
620520889604,702679027437
620544279000,997340084111
620632319802,135982243279
620752519511,126344975500
620788277006,414651256195
620794640516,420407614301
620901731213,774405534242
620934049212,889657930981
620975351019,983712272643
621264240706,209548028761
621310274208,980633257858
621389313100,129660651632
621747956201,333494753419
621778953001,204843511787
621800937017,779918786150
621827526214,516821736497
621897842415,800636659027
621913377913,100378484685
621946020707,284862495870
621962784103,843731344590
622097260100,196922787197
622112689017,483917170700
622136916604,750108193353
622216994018,623671869800
622230425070,801307621251
622240321118,932834707345
622274077019,614096405838
622416765160,511141245469
622696076304,566587688513
622772269190,646945911682
622901181914,370831751793
622925761612,201673658006
623075276813,814622697925
623190430107,975716690893
623238538070,907125000597
623324206102,760307429985
623341835813,844862488101
623416264818,353729032188
623429716205,696542752017
623528412201,450655767157
623647264601,439212273370
623828090901,975618885113
623829113301,320859887531
624043363812,122550888781
624086558010,492502018353
624127878905,996996863740
624281819812,551388526145
624397890110,932834707345
624522927202,977488418467
624549829201,586097420633
624876191315,638730785078
625073986812,540936199967
625184713901,826977765131
625250681800,648166686295
625304368140,450060076936
625307673502,905593393006
625313018313,333921754210
625323282519,664425595770
625460192002,629466669778
625521740519,784945150584
625536032906,394053837303
625655251400,382981147007
625769988908,726591267208
625778358207,294721800073
625804290410,955268498409
625835989512,717140889053
625946706515,732291984090
625953506300,833543309221
625956393009,647635578407
626047412503,349216007665
626107502016,129159251192
626224293807,458865034895
626406055710,889461606062
626406688610,717492975213
626495492918,487504606407
626529606914,726308956091
626595936700,133528210580
626613164407,444781954760
626636968911,196967824605
626665231513,388902763931
626750583702,217726396361
626757881312,281760903755
626763204303,536119960714
626775675119,646533089905
626828112904,427419234040
626892520013,955797631056
627100167816,613128182106
627286218507,136128946158
627441838110,811970679954
627541385601,938400038478
627636373905,467351278302
627907301013,324889168206
628004393317,889524816888
628132799911,325967638466
628289024111,879256576695
628323803300,326861407923
628416888911,680922346941
628543982030,808180704672
628619042603,459426419070
628642724515,841193100581
628648227905,851104247916
628675081613,650439693087
628903050910,772003599545
628995587210,649604560122
629023176019,766358902820
629035477808,679598515802
629037629917,270320256710
629119910205,693972462510
629141327502,266934150610
629152361090,370264636888
629204567406,397008900080
629231513916,773638355387
629430820610,326443397545
629660294113,471482163768
629856857090,294986196366
629970682414,886242399835
630169618605,345144756719
630268322111,392227311578
630315176718,939532042220
630315255300,878883386320
630378612314,647845993507
630464077607,570381677577
630464304804,727235461937
630562324414,188054864445
630663624112,240635823143
630674924517,863952768069
630684711009,225659055493
630699779104,878213994770
630719991000,484859979758
630788483106,510852395930
630994150215,368692936242
631016571316,987474566940
631143670002,794605711686
631315099412,711728317650
631504083160,459426915082
631552285000,246921620720
631619559114,291400103109
631626032800,652814694050
631661503100,783768264140
632170721308,517526260983
632206717040,956287151920
632233694019,267539026700
632613438017,951643071037
632615006908,793916579960
632667870104,694550688092
632814265200,266736191466
632818753203,284862495870
632836565503,514694528836
632873634304,594347291315
632894860511,358962148462
632972326112,292747029679
633060525013,160374928053
633199160804,883408069486
633249797111,908782044547
633301764616,295071170146
633333125209,755337816370
633388317160,860185877611
633423952512,744563246510
633543743216,117657959535
633598398416,627317796717
633681086403,384407773949
633713667906,722169982040
633714138716,453147024220
633715411203,989123590510
633718301206,166521600867
633740465214,157733817250
633751660020,682026146594
633784778703,577575388460
633812605050,908950669406
633893999607,113383598152
634060813302,730217330795
634078299514,531243552005
634238492219,947382571811
634325470719,266001096749
634375581016,340671890336
634391389405,295518515265
634456033418,685657886999
634458279411,989542985879
634558624000,886232831276
634625888906,113712741666
634678626704,832643535588
634777800113,451083356639
634801291120,131587158325
634813464805,460376185423
635110601000,356054113353
635143951310,943166955512
635352983612,760074502394
635517735713,386095351908
635538154412,162669727122
635743565101,904863386406
635991694011,349911931262
636032458802,992308900036
636036121900,516463017032
636055825711,360649268247
636092549003,182188703800
636132526090,808764281666
636162421915,128484364213
636165275160,546058288097
636168050016,617486560884
636324352417,146014134584
636376555510,825164324386
636465427315,587487467900
636577796206,346309909489
636702178216,633422785452
636738598106,318861165728
636747540810,174664259890
636863602118,857984614330
636978372219,755145158000
637012153305,552143484190
637030388000,813578863705
637124478108,266986307320
637339558319,361093869305
637361700510,307165830084
637401153806,711728317650
637504767505,979009009877
637597896060,113383598152
637716658707,814622697925
637924673613,317264261900
637996411602,319328451706
638024990501,144913481688
638034120602,446901739843
638202889519,335127631639
638269031301,280514876880
638332577010,230184971787
638406036218,992346838618
638556829306,732291984090
638560255101,182806699695
638664098610,416086391650
638675669300,292206657594
638834609412,705724496719
638877320210,867643972193
638898123160,583385517150
639128279709,584315313424
639241972707,629520456563
639295228070,716909049379
639423908810,990461365229
639483149412,519154530242
639596186819,441390486279
639627459407,389818409607
639696627902,602435897167
639751602416,376471971852
639796094017,778614287265
639831811214,339822568996
639874809180,739763551982
639978530010,391599005354
639997425902,622399377498
640071811417,882165541250
640078534008,679598515802
640227354402,530231662157
640238469512,912702947875
640263868119,713923453194
640320678190,912726787345
640325236001,966510875190
640360720702,294943397516
640425732117,857283321345
640438114101,579029162213
640555795117,668454280267
640605616709,320791169715
640612723906,761543425761
640735678419,997662711433
640862269411,161870668419
640863460709,664790186080
640902327050,870696909709
641005359811,321633825090
641043956010,717065165845
641316695907,669119830536
641323119804,119435314108
641351275703,847578210677
641415663815,481512373151
641492323900,201673658006
641526736218,193291030400
641537403802,851104247916
641554339060,766606636384
641647323030,290574370706
641757756003,267539026700
641786552901,405764140161
641829569205,401195477807
641925426801,783189806415
642047507213,439873823293
642174511613,912428060012
642187007110,436609966951
642230189105,447645939296
642249470803,925994934652
642260819106,216642421590
642296593317,519373746531
642313151905,543069392004
642407566818,670879894542
642483929711,856054879349
642590150601,425047352238
642596351412,722223128535
642732733612,462504812768
642847375207,996326998494
642861178004,676175923575
643096443912,457196033941
643129544405,611426731457
643234206100,760564644918
643258751109,341768194892
643447763401,162031991623
643525282703,607480377570
643529067405,601285568490
643546399718,345910505784
643585961201,698429240007
643620726210,660561929475
643633337117,554236532455
643663696606,550964081146
643682151605,125408673175
643731187208,911426120637
643922427903,311372205665
643922569803,352598911990
643956738308,806851424850
644103784403,279739436763
644192524516,841237392977
644213225014,115182444213
644304270917,146621481610
644383237030,444933260217
644409083003,711501013322
644466995310,431180275075
644526786801,918609474121
644680296800,541589001280
644936330513,807436718831
644995461514,450467898965
645077901614,960265745469
645079668808,963787312649
645128627116,820277671116
645202834214,729712931524
645299668418,961869239590
645312622060,360982011448
645378657904,886681609970
645382434012,779732695756
645450280909,828084752968
645470564905,798724246456
645492540809,244325396180
645529361110,378223562460
645799022217,801086887908
645864617707,487110505113
646008305306,292317614225
646132194606,401725669986
646162810512,589547572990
646299997505,572066874166
646319147119,925474880115
646424316207,761377435190
646436790413,752740182191
646467749006,859666079165
646551135604,839434521165
646671716018,565091612301
646768539213,174230637842
646839498812,604500956157
646860028516,893286402448
646894106070,488882216559
646911409050,683085707434
646922334030,100680487454
647035319201,264153281170
647040490812,294721800073
647165732216,994725550424
647169174190,894086089968
647325208070,473261008285
647355480310,101395696458
647564526219,127836492738
647600995403,495716879986
647609536412,995260120268
647997326020,285723182805
648135626110,335181897752
648156668100,851480153834
648498821114,847938339758
648546281700,347549911323
648600418903,720053963465
648700341312,713017721780
648717145605,703858885955
648719871918,480833739893
648839356618,388345746826
649164974701,252465487545
649228941702,751299050922
649268763516,408418994651
649269957704,956605657796
649286207206,609744968428
649437580718,907950433896
649467460319,111868339251
649529556212,345899648751
649592500918,901635720704
649624929714,645549670420
649638124070,119794370200
649819951800,730811876570
649891305613,717141133881
650020945602,396882235154
650101325306,350075485344
650159957402,759683098377
650227600400,407216929324
650244414817,485038475791
650249016711,674936452543
650580409016,273660327245
650755545401,862574059583
650801696103,492043202194
650956277708,271606323631
651040088102,769451233401
651045537519,176278738395
651068288311,777096242043
651072746800,494138008956
651140332007,616352719010
651257710506,972230803734
651304999216,831072606069
651363664910,952184428574
651452005002,557631689964
651511058414,683752231198
651521391506,273625416949
651603667815,509976828072
651606492508,209548028761
651808285401,444943113751
651843809713,430977932298
651909193307,853700924583
651928163403,888967347266
652036312090,252025300486
652155692313,978579638140
652321885217,621987433025
652335691312,213271253576
652402563040,864859921615
652567981905,685171778045
652570006602,167682079016
652704413910,927948192565
652727683616,976039600233
652741077903,713976483917
652745745805,315271651310
652859001118,897565087629
653379285208,355096218976
653624527300,797915381406
653625819818,616512937370
654027648007,629791882697
654251569211,954846447882
654446382618,970885659700
654473487709,230184971787
654495996817,591283087644
654631067112,621677325219
654784000000,747931947120
654942656011,348119587602
655125912206,720180135711
655189177600,660410857615
655285489403,959786048966
655294548914,456615300420
655412438014,352831324788
655718005417,932321222842
655796815504,284221765724
655832445806,621987433025
655971748801,360077205703
656019484117,114329854747
656050198918,782659300337
656121246516,264844912726
656126363712,954449245879
656186976408,335720088216
656276365416,201426499164
656326886804,831798389141
656388322700,954677745858
656427180118,633698337626
656543075608,627606392711
656603462809,833843657633
656629391206,953515402565
656704597008,128355112335
656807346804,573145600612
656831126319,495912918608
656967313918,178102503935
656982173700,538352141451
657011358140,127279233329
657094520312,687412635595
657103317219,219366530797
657215685204,315664959762
657396647704,401195477807
657422976016,967697287670
657429934210,230382204836
657541505113,445689400311
657586753907,206376351870
658083373501,347549911323
658232122114,768921249216
658364688040,760088239909
658392198813,868461294982
658411889918,100995600755
658551311004,551711647814
658609938203,690988570552
658656008401,323324902112
658660952919,987474566940
658902682607,576384590524
658929556112,943641805118
658977657819,611426731457
659104006804,179725244270
659157056112,118681775247
659182019402,688276188400
659225786618,806429279020
659255220030,658917701025
659279647605,676531162894
659307481406,836652255589
659307928607,899084405171
659350496819,457343254144
659472599512,134817234042
659533563313,310155434312
659582898613,789134540835
659597238114,102398437502
659704580112,771009141976
659725129504,430834265162
660052275104,444072741894
660155530713,242742417616
660304713813,237854907680
660332220900,965673784858
660389129309,708935661827
660495391900,898046527864
660556180909,912428060012
660627212514,858426831283
660641562815,363765981058
660681398302,711728317650
660687233615,501876374725
660687516000,715279770080
660854473816,951914899826
660930758412,122849173216
660931304102,752586934141
660974221504,420144843635
661112653919,309229702519
661133508309,503130245024
661157081916,991907092343
661173342208,186246553706
661290929110,925595477418
661338555917,957876165252
661380391605,473261008285
661526683601,989973894380
661531435101,448075981222
661542890216,544028498646
661796459719,773638355387
661830285602,194813640026
661931194110,347927858467
661945982014,910000655414
662000505712,426090350017
662032805309,403242388828
662052355300,532126243790
662109009405,786501372375
662207820602,207520028715
662315982919,954921348243
662354474150,976904045722
662426940070,808764281666
662515151019,431254611603
662641837714,172120053830
662728510801,859720317793
662819815417,645335095319
662896023310,897800548556
662914855314,176198695638
662956998617,898046527864
663231224513,874040560003
663314031613,328686531330
663329887302,642259955511
663341216719,709261315472
663570806000,811767478010
663640398718,873234338228
663874778218,948556844020
663901579030,976406890863
663940560512,750657160084
664122389507,434439459788
664247819802,583107758421
664384064616,617486560884
664480296614,871106357750
664690363108,349335003330
664826464806,967982905267
664882946010,810075681480
664957067170,157991999601
664959772715,445958840864
665004102008,798724246456
665023635409,803463051513
665105996803,703833576670
665238472816,110865803710
665461447207,901485439145
665637835813,335841607639
665704878180,922758464762
665854718210,854263966935
665866684415,570646931023
666018644413,619375676443
666107726713,776282348484
666160183614,360855339041
666225199908,347825505488
666258887406,745183418346
666338420512,918667144162
666346322010,290578400537
666425385903,837431861147
666502362305,172131911334
666530059608,402423010603
666661470111,207520028715
666677786116,580436662813
666684718030,567922053118
666721685302,482924792553
666837528814,442121957781
666939212090,295512260116
667032215318,889906127161
667045507511,932834707345
667071100715,978017262177
667128279901,848663356186
667266451018,625956140335
667286190400,847908719336
667449729150,744161145333
667521324011,545399604353
667624808209,186261612944
667718795307,181870231200
667767739603,884095339917
667807503801,579626579396
667826605813,298606282876
667835140903,837380894439
667880510016,695660800917
667908566507,866643764829
667915713015,137952614754
667937221305,290273014182
668164371403,986914089163
668246587715,805219258385
668466678617,906726701667
668485605503,228775446161
668493516411,501225005956
668644915918,196356687398
668827170508,568119899257
668828644516,775382950057
668909199718,397008900080
668961725518,211549791599
669116370303,444933260217
669332435408,502799529630
669360658400,460895158560
669411814610,186727427383
669474356505,680760118287
669640538202,656241919250
669662364711,737997071598
669673920010,833843657633
669698345006,142061787594
669707876010,472078432569
669898108519,866541785450
670011396912,720954062958
670024030410,322627784367
670068519180,611944769232
670136699817,896629264621
670164055208,138502557550
670258493505,270695716028
670280880905,663455508184
670336836500,931669999340
670429330020,417504718357
670463692215,172926459942
670699922606,884855887500
670716742009,537903228111
670785356411,586098019358
670830356803,568297667186
670842151080,871786166615
670917229110,367644469808
670921259601,439401235982
670924556407,201125749404
670969975140,521939528930
671012694070,401068255610
671320213718,751853736991
671556814819,269089243303
671690983512,406976619436
671883492902,349961625785
671947403101,679598515802
671964256000,776783468157
672310226900,293847767180
672420976702,554059784746
672432626111,477282060827
672459341619,154620856797
672512296012,334096336401
672684150805,817836821216
672804325504,766180603900
672862695512,907156018484
672913644207,616352719010
672974358916,968637322375
672989704412,402527921787
672996498308,269328211560
673029892718,772407694758
673063228519,660553179594
673071452905,998035442506
673119691400,643032064643
673205613100,961360517579
673304998419,220334512519
673316017114,680391703684
673593771414,310499191686
673703278506,117820403375
673724788114,475395006146
673958519605,391503713326
674018895312,350475799183
674086530210,925595477418
674240638504,878516405417
674250006700,956544569779
674260829102,751559736956
674370758206,625736811687
674415049101,629791882697
674451086213,702899384300
674511055200,684116671979
674633341612,145707840661
674759774801,658917701025
674786908614,605928009059
674802170911,549315265790
674834814090,687412635595
675189142217,651076418482
675448357150,147565298567
675559759510,135982243279
675705524900,759683098377
675737578613,980742915800
675771502109,667321406540
676039382812,848381932625
676120875913,924836713494
676274051404,196001191406
676345570613,177946882723
676388908407,421516619288
676421141501,433959947907
676468542808,235858312864
676491518050,733047056919
676651432315,882586848283
676692816718,456263622577
676796856403,749383309234
676799525715,927948192565
676917360808,771518162245
677242389406,275260934960
677338956015,706262895183
677349115519,964593982915
677447193615,113383598152
677552861009,496094405279
677692453706,678350864785
677710498902,543117503773
677812971502,113489021830
677837528310,710475554537
677929069613,685657886999
678001606513,858408394018
678128112719,103539144205
678277571409,256991168562
678419825906,221172732473
678482147806,276809474225
678507082810,761070306373
678678894510,795421491372
678829617701,973821834376
678899144012,642365587218
678917392116,484844376039
678967822607,393436279611
678970001009,222294668782
679099271918,549315265790
679119762107,664124530101
679156721817,639101957342
679419290307,627769447837
679518873800,853243822497
679627294510,763915906796
679637671503,693076930951
679692312309,863463686280
679860093101,565447457244
679874548003,671845107959
680105288013,554787782090
680171772180,334427166826
680345649603,232035495338
680368973016,237328248043
680377573303,541611768757
680481470517,276237659189
680582376812,219035351732
680588699115,118332537845
680691153917,226949527314
680736486208,864779461851
680752045208,296350509463
680800576908,941313476277
680939405000,716571756940
681104953803,695723186838
681105347607,515951763984
681167959906,435011588868
681186135203,351265760495
681222762600,469395117752
681256668030,515180682687
681259451819,875150122652
681285624514,443824405012
681409634107,668454280267
681597907607,494940212011
681653638019,683381189529
681701888100,445958840864
681723351507,353496375360
681839256711,282256614275
682031687706,504325418497
682159078306,485873068976
682163669202,654062474593
682217596614,141473292411
682458743304,658606998533
682502381206,156573843631
682565141514,704082916454
682641177614,865919598360
682667878409,936325347962
682749686417,110865803710
682790578018,108563919187
682835169105,411584654908
682869147818,542775468118
683026323314,787929051623
683267635802,374505616495
683298454610,850441863165
683340480519,549636449528
683393723615,227446279182
683393777214,304208913113
683512895600,593082733705
683524437501,469044277635
683689716900,277091489206
683701446511,183238205235
683750780603,183889449693
684002013040,646130514738
684098807809,777890186616
684252543306,716909049379
684344672005,217246115785
684378690715,797915381406
684435718308,181740076163
684830518817,353705198348
684925251411,727470535299
684975656715,517098604163
685099728416,110855195560
685118238909,347745483760
685361380915,818683770200
685410451506,610608087276
685424444914,898009916066
685445374801,736709587021
685677997704,312618034643
685678317216,966995369009
685681677318,518870417303
685703356811,109467317892
685807524912,880453226182
685857048112,756268279390
685913616314,227627760239
685921670616,684894330686
685956054609,597483255460
686204403316,517526260983
686300953213,816946979378
686301900606,507343210258
686544808400,118565469806
686657803600,296880117127
686668715716,875193498906
686756903004,646536526546
686943249317,517350767351
686948597410,127836492738
686963570102,831112509809
687064913515,290739503368
687146127060,186183537578
687177955015,164626314219
687467894130,959312114846
687472153000,279739436763
687523266703,939116382477
687526426214,444943113751
687560645804,733656259914
687687008912,305627012174
687692492405,290739503368
687744061200,923945895080
687864697119,544540082957
687950320807,193291030400
688492158806,105246016894
688651809070,347293140776
688654806160,153291316325
688680260100,300704303705
688839692102,273608054690
688898808404,934685618049
688902406410,858149653307
688937211700,886681609970
689269257312,703572148893
689311239617,156319466076
689409314918,627769447837
689422304106,180912832331
689443913508,765848977101
689639495402,160166143708
689652313217,954520469778
689680114916,468053061587
689809608806,370831751793
689865706517,917154959110
689913062112,689656129001
690004979701,861140573631
690131966509,487320236963
690172674815,692645069449
690199020020,730080310806
690374489211,308851566563
690554218407,312605825340
690605624911,976904045722
690632635406,345144756719
690706733911,788815909093
690753691912,478257783607
690780609905,607600753298
690786650500,694060046205
690812482170,860855283580
690885041711,864989941234
690905381150,924839765957
690954856605,566950386569
691073265011,836074661916
691083650613,958149198736
691179112808,443693051028
691191018717,626430250300
691210656400,400890626369
691245631110,772227781134
691315990219,385139943212
691371931109,136514175036
691390975415,306452827798
691414230407,774505423138
691515781103,588514433046
691624737010,208208154757
691660399514,930054633869
691690616205,828521842834
691758781503,140638260335
691819098011,294925939257
691952834118,935913701975
691986533307,200815987195
692105209015,619283292930
692373286110,255787078506
692495342050,300820451126
692499885616,518027848830
692512650517,656462627559
692634333816,784172833979
692656131509,200815987195
692801169207,773821764949
692834089611,279739436763
692840197901,558057262901
692911363615,967655870859
692918215802,337047087637
693110067709,742697736096
693118533120,173817907479
693434162910,608744968501
693520199217,196967824605
693725743818,564564336097
693887823901,698011759810
693977603104,113383598152
694087916110,342201294751
694126851604,260269806066
694138326504,514120588417
694143456210,247753787478
694199360214,383557962040
694248224060,551870185700
694427499711,108898030024
694494468017,987220038312
694497899202,551870185700
694503480403,432666548310
694613874005,405397917836
694650065319,179725244270
694665478915,679598515802
694850698311,531242764002
694913320901,877938523260
694970504030,356701656384
694985752807,532126243790
695018288030,801439288922
695034411312,733752243839
695045043611,276485333347
695090653110,240716362594
695132319216,307805444489
695362070202,474907418435
695637093007,672445180230
695658285800,321633825090
695828465404,692686425729
695853180150,843731344590
696119974112,697912577169
696159309502,656539776230
696178143617,947378045557
696183253903,687890357402
696207424211,402719751569
696242142515,180912832331
696458411318,642810878957
696482777080,450060076936
696534615315,303745348208
696727319909,618878299346
696747466411,495716879986
696887157813,252025300486
696903273602,634965488471
696944593050,210990262934
697216022016,571778056772
697237159211,816946979378
697318857718,864812172515
697357576402,146611682480
697406209312,495912918608
697442213312,856033576552
697501186017,651076418482
697629723803,513951201753
697636028009,633631496837
697649190819,983807615993
697768312910,140839544651
697830314411,568237121366
697842619412,464926045370
698014263103,202586350385
698030832803,565500323119
698038225105,774405534242
698185120417,932361672207
698377209613,284862495870
698399903010,967697287670
698463292911,859720317793
698469942408,855776533856
698475893202,865919598360
698549152011,798724246456
698674774915,818702462027
698679582160,534300238042
698922438301,326861407923
698932070403,312436747079
699086021718,440380015329
699291489618,766406698847
699343189203,717141133881
699372202009,243341837350
699406333705,975452100580
699467357316,904386536637
699841493813,240987469315
699948192104,505159627724
700005533310,617796826823
700091856018,193291030400
700156916519,583102243999
700347395406,304024875301
700575956719,708953393706
700721028404,683798406406
700863956410,906028048490
700865396216,936921810333
700913733518,335442401411
700947785170,276485333347
701059940200,342246526437
701100200506,797482601861
701341204712,294467193199
701606696300,820294626428
701613260011,253957579234
701709359819,219035351732
701711208919,988884949733
701827819411,957625022374
701858074405,225441998944
701867465506,306845137711
701921552316,125229281120
702031995917,122770128726
702078424610,386410564428
702103309302,948556844020
702105929616,875485135652
702123678030,918762376057
702154141308,933911440638
702221775030,928581162508
702254088016,274391904446
702713112604,790232653347
702925009600,873965673695
702991921918,755029707491
703011130313,965679007279
703023616100,274254359432
703038165713,125521441025
703222250519,870186505216
703353189000,899520467763
703374129909,952931536932
703849966107,520733172876
704039249070,381538151896
704043698060,636321331695
704168298812,230812427348
704461238190,237328248043
704541741518,526224822210
704563858807,357604450500
704657868119,566950386569
704673710305,141348306586
704713610001,827047594199
704775669112,682633510239
704843081400,249136271139
705079938901,944041697160
705170725417,866540828698
705274105410,783079879235
705279783307,248456152189
705300636060,627606392711
705373347707,141139702567
705396798114,359828045081
705457205004,190430799087
705809728307,575132512410
705881074408,725684411420
705974847701,285706256446
706167697506,853243822497
706268466718,206376351870
706376903712,531242764002
706389728802,867643972193
706610538803,602733894343
706841375216,931669999340
706854206912,148603833700
706909296708,857332913941
706935944608,912693475878
706976035008,949383010102
707156369216,581179038621
707222083814,631890533210
707239742014,589231678151
707298661306,440380015329
707337182318,499802581718
707403121310,479409976749
707488254806,817950633420
707583687015,281906827782
707624257216,852108827226
707696281910,813554519366
707899147608,432240585363
707928738217,246921620720
708083688606,355488194574
708121278510,325449051173
708210984116,426090350017
708343735006,435011588868
708406202513,532440647976
708494813717,447944186611
708544921009,802692269332
708676837015,955709793467
708696849507,109292035269
708789451005,911240047780
708889426300,247280247840
708963840017,922458349100
708996736414,600954005371
709103217809,201588313393
709307926302,336275948364
709378599118,600047202809
709443346607,381902266450
709473051100,807063131206
709641632609,913477014962
709696289707,406055951686
709766306213,350475799183
709856874200,773575714555
709876969050,664790186080
709932272010,462711126320
710052637005,347927858467
710248510800,206840103160
710265264105,491744748787
710310678010,457284930631
710414217104,375763979023
710440493101,127745328232
710516094917,172131911334
710561373006,798724246456
710644470312,302299766011
710660729301,137318302246
710699503514,806851424850
710702843505,326397391600
710830670500,593082733705
710839280711,328572739197
711001224416,995688977401
711460820812,893286402448
711511911914,290574370706
711533768815,738300612501
711572246410,818252586797
711671903911,405764140161
711787524310,886242399835
711824200811,567922053118
711897470506,609738566955
711914629419,336569039927
711915398205,624367544399
711980560517,604677166491
712042341811,508942477498
712044680307,907141820830
712055517300,950711358994
712075289709,306699390536
712087272170,269819010160
712134124005,191923451211
712326642505,104315146729
712599611600,906331948900
712633627801,894026441776
712905586809,618597723335
712985141816,567765641776
713063904802,880453226182
713091887080,847056882904
713140918313,894966720600
713227983500,253957579234
713293637700,763482347065
713364090900,397317536784
713482838806,924620688301
713487087603,990461365229
713589846617,147128986603
713634405200,480833739893
713660445509,907866805778
713755270100,837380894439
713878354010,282897339267
713898433101,884808950824
713910604019,958321809211
713958064900,333494753419
713967640512,947180424190
714100898616,193174735996
714338509318,814622697925
714359010417,220900285441
714475249180,296350509463
714499407518,232476030920
714639496903,684697219098
714653922117,822439113646
714698492318,431776978590
714709090180,939532042220
714756123306,433959947907
714780610419,219435696186
714808132409,909745966120
714914442507,573782348598
714916227209,199200515764
715100712301,299795815989
715161837417,339646349486
715291057100,955268498409
715398687810,253299465330
715700003801,193244214379
715762845706,965388443624
715768949119,407804157399
716034619913,380395267044
716043399509,252634963841
716055949917,614282996539
716132550918,512550785209
716231657705,550872195765
716300931010,441775365344
716425974601,826523640781
716561873008,891559829993
716606969090,219366530797
716609368600,761450410784
716648374500,238565763449
716689871815,618878299346
716731431914,833089954204
716848826918,513951201753
716959559009,150801800340
717048077002,561934508086
717098598120,917062292661
717138592719,331217591066
717148559710,357652320970
717322105301,518425717333
717478890213,869993920720
717556551815,987015453294
717613253813,386111827150
717641721110,427158744380
717648924414,434903815884
717678702910,587674120420
717786276903,621677325219
717814208915,904442276808
717907552012,664951131292
717957535805,496880767068
718256614813,359766727826
718264343210,886487779278
718737139318,678825582244
718770919414,926592786594
718794425809,488187841204
718802807190,217251922702
718825344205,948571518480
718938631903,991166685793
718949226609,830904173455
718965074009,724885415703
719009473408,372568030010
719075136112,968956724266
719108235805,450455517543
719130489417,577548003968
719209656914,733432190640
719314498304,608663962899
719378260200,436283464763
719396127719,767262027955
719416322306,967982905267
719431991612,907950433896
719540784703,526281183911
719547032601,174095984679
719596053503,306816552538
719950842519,145707840661
719963488015,815772549569
720139582711,641528871038
720300580100,860855283580
720302090005,622541482916
720396971411,416086391650
720403254919,858408394018
720606839208,363765981058
720612474160,284282786602
720614533300,178868670348
720633928311,858258530151
720700029011,495546329568
720737348410,763482599607
720768409211,652324715100
720797398803,125521441025
720804570213,641835092502
720819149206,761377435190
720840976813,742088785741
720850941603,634641355684
720902940709,869993920720
720915483140,511458337101
721178357513,232993138177
721183912604,633422785452
721204068518,378065889777
721217286401,650715180830
721234793315,918609474121
721410250900,966453718287
721523961010,399137143940
721532313310,981979178449
721630912415,808161592264
721632124018,666718694961
721638061607,645609972910
721713470011,625300901663
721844916805,509976828072
722064494706,836659543438
722144146608,580550793953
722321166510,707593614639
722372442402,336970127910
722584649515,256991168562
722658199805,154620856797
722737887211,171252875559
722743425004,965236609719
722846403412,634094695317
722868905713,202368477512
722944240017,980633257858
722986275501,229039827680
723150006110,790101315365
723159421408,102595518630
723212182214,210318962050
723293730102,370798534618
723352750817,565070531690
723422187801,956287151920
723460972606,343456043459
723465504712,785529337816
723518680110,211148260377
723652466102,531171939025
723720339305,817048092423
723758331313,436743829191
723808519714,924839765957
724152113314,282698267719
724179166609,913477014962
724230690100,496094405279
724239313111,318861165728
724459567130,285084074350
724480903150,626595845206
724490893811,713445824551
724559759806,970255430383
724589043070,930229047484
724769659407,412061962934
724799352314,335958487187
724821435213,630459597919
724880998120,797105314870
725024639805,477206724192
725144537801,230685841842
725145007411,383537704040
725180406201,989830143249
725220786717,545188496095
725315869714,806235526219
725351884707,431254611603
725441720500,414560565131
725602774700,254265392848
725654642060,220781241958
725881201409,697766307442
725930010109,262639280994
725966106103,521735261315
725976022314,331217591066
726134721802,871115263236
726268355030,224222468341
726313434114,726763558920
726430624204,617131023707
726462341007,574081152295
726475687409,964931465501
726489274901,173817907479
726493180700,722169982040
726499588510,365890087025
726532496106,533034942040
726603767707,597202348268
726683949610,978263259013
726866538213,732164475845
726871515010,847451689874
726945508610,470935214869
726957595912,223330636201
727007251000,561934508086
727132359518,119413677359
727148589109,478430285552
727163564903,716700237687
727361039501,191370058549
727455898014,795124682184
727606278400,200300595326
727693087310,196864828370
727732005406,865919598360
727800326405,263275216855
727816200217,801761099805
727863512108,892443286853
727948853208,664425595770
727996849513,557446750802
727999899208,718520615979
728014120818,326152769961
728069009704,976080994319
728139430904,325027485760
728216855305,833927220239
728230519414,563693958704
728284522704,755029707491
728310500150,793444342145
728457816807,606407335253
728518250010,475395006146
728532618312,383537704040
728572674060,607877487398
728767922040,462421039346
728843494016,496233560135
728922656316,173095015966
728940653704,265656162391
729051165102,244101207725
729465587410,482454707180
729477507218,766074739422
729502301119,939437109289
729604321701,962008075355
729609978407,568448377380
729662447201,163166421418
729692785204,660410857615
729716122000,788527575500
729845029307,456414333269
729866326005,355922347105
729887373008,400211107838
730000831605,412498949519
730022326703,708077739416
730037250112,570381677577
730135103317,469044277635
730161472116,135193641316
730185410200,718045789485
730212009407,234479906002
730361698615,864903563340
730371024418,913623990503
730378396301,485038475791
730460756102,598928978798
730690912814,711072342978
730857656804,134768583352
731068657317,518274541193
731141949618,803144059391
731200133100,540403153555
731239530219,515500350289
731244389315,317315500526
731262294200,347927858467
731383423815,980633257858
731386713815,457196033941
731413730700,910380065966
731544601140,798724246456
731605546909,391599005354
731738373303,453909049280
731810857170,273608054690
731847942613,830904173455
731994522703,831112509809
732050474712,716793400897
732349040319,251983260718
732454423101,749419991207
732491282502,881590725059
732532051200,650715180830
732564507618,732291984090
732752835208,368692936242
732929841010,349967801250
732934504404,133001419374
733155592919,807449111230
733209987207,487888083895
733272976418,853243822497
733341534919,594347291315
733372192918,604279170287
733483773705,814514354669
733539742160,698992207761
733604170501,592609379231
733786802109,480844958302
733787480140,783491793687
733988460219,457721675773
734001501102,519373746531
734115881006,435781569854
734183619309,465376630157
734193652104,514763353630
734310836614,610608087276
734415141013,907013111954
734532297700,242591797771
734663743905,910471171037
734691206013,564243896864
734713643708,316066381004
734879604207,824164092357
734897197904,502830868236
734968556802,576994105700
734987291600,372835137270
735061020001,541611768757
735390343908,805902791850
735466881410,290188686907
735492999818,513346182897
735735926114,170067168140
735748646119,242722945837
735839929060,433959947907
735911995712,379288181808
735972222518,243461090302
736194575309,662026959880
736294348116,159471465288
736453825913,240584021465
736625598050,309291393059
736724197101,416830040498
736740965918,474664719106
736763832512,488179456080
736812641607,618771651757
736823661000,698992207761
736826262117,123451305973
737021098701,330211067234
737093208412,451276249802
737208291709,387182561566
737257521818,260709170522
737294206813,178786843121
737365287705,560156183220
737535717900,839308062132
737693233609,801439288922
737696064605,675975096701
737844333517,582170514190
738112825803,773795458349
738245181214,281048881166
738254900314,359544107398
738324716917,463641271445
738502915409,353729032188
738548794180,976080994319
738626340709,721306307817
738656499807,115147367863
738735293619,767139346890
738824016506,287716678224
738829570714,766606636384
738888489301,475769402875
738938333304,755337816370
738941029707,359187585212
738951964603,805134028094
739196479215,771720791726
739369272310,679474243107
739374917710,532109963464
739397234050,760564644918
739570809911,941809033485
739664343707,468053061587
739705565216,779747933817
739748507306,720819175797
739875350713,403601339561
739970309070,708466225580
740144033415,575439467491
740157087101,208100346924
740159890117,759318863083
740194213611,487320236963
740211116519,392086141705
740477363070,230834082759
740651573513,465491049210
740826820114,511079467030
741104095501,802258882053
741195517510,155906709162
741257410505,559339952210
741386556212,806429279020
741394082604,550964081146
741401625501,995564509607
741603248180,698429240007
741615983113,201353403005
741760982202,766940290647
741828468113,890580664180
741871357409,135297522440
742137875102,503929384036
742146784014,364369397161
742281313316,212805865052
742443641002,326443397545
742466084019,618017486148
742479896909,713976483917
742566413619,927218890423
742574975406,282897339267
742592356513,354188508686
742610731907,702787219948
742651842017,725705250120
742808485817,261834989729
742928949501,645622251793
742992808080,301340449222
742999361316,535397156325
743131679318,115132067432
743233281802,710134806607
743262627817,727906518215
743471309306,158024876973
743702627009,237328248043
744092802110,968956724266
744140621180,779438626188
744154122180,936921810333
744157822319,262144399997
744193624080,674318400517
744205764204,425931243115
744231575102,824253685844
744305721206,235546097478
744308652006,430977932298
744429430802,579628611407
744462369706,108442445101
744466252020,951340440980
744496586090,361961709780
744500214200,371659326927
744567697711,909964112125
744630593407,585247457032
744659427709,842893665861
744665372809,156767932900
744737653003,316722240745
744738488415,191923451211
744790676130,450809303010
744851537616,576015948162
744909639908,298879013200
744958690607,755337816370
745130633900,431254611603
745231469210,731658043312
745239515909,858408394018
745422187715,841193100581
745491590513,589578485430
745523336811,794605711686
745650034611,544540082957
745787767916,350639122489
745800783802,912428060012
745944920302,880286649905
745996499516,898142395155
746028971419,288537709807
746177256416,404778823268
746178967508,478513399669
746294517205,792925544623
746304295015,571497959934
746468221103,482375767671
746542998706,990461365229
746554144402,582587651437
746571806401,291847206217
746617810209,154495051688
746624747614,900389076621
746897500301,354782656172
746899348105,466129125925
747033722509,242212206723
747053955500,169742869980
747168006417,910380065966
747209719000,215431231847
747339584606,621864242896
747358926804,140890672615
747482196517,687874233797
747497172612,359187585212
747634673819,776282348484
747702984403,838038001328
747755565600,822028595188
747755742416,351422937310
747833617111,970020482623
747882165604,968709831560
748093869406,456263622577
748110672902,568237121366
748150593618,415077493904
748171302502,705136763003
748269334116,284612136960
748283905219,163664597160
748287881001,996996863740
748316575308,240852521685
748351145118,172438451614
748413320519,818096744174
748490651513,679474243107
748581785615,628699122590
748660688608,907141820830
748673794702,384407773949
748747830314,122444448603
748788168105,527155189355
748845005816,814622697925
748956845005,969071128775
749031437819,615855883671
749050987315,381383918104
749060279315,787647139809
749203775013,620197260152
749259249217,400890626369
749398812407,870992847587
749483152050,750521561440
749512099913,566271473127
749584757403,272539556804
749691724060,766074739422
749956275713,209548028761
749974440150,812506860337
750010742813,708381366518
750299980508,617736336734
750455686804,881559318595
751091558512,836652255589
751101023304,406806154143
751146975804,588387149463
751204687016,465376630157
751217514411,234191348963
751509648507,544928243604
751530005002,340671890336
751548700318,788527575500
752074284312,729396482669
752141636060,623885391847
752195099507,948556844020
752210137613,495912918608
752677529906,987881577360
752682114915,506563720974
752697250104,883655658710
752734688206,870587896522
752797849708,392227311578
752863058311,591531172853
752942265515,571980307930
753090600000,652814694050
753096361511,448258896637
753112488404,561335498000
753129454010,801488447231
753137490709,496094405279
753229063406,257902491991
753247445604,743841352744
753262760900,743437890485
753304917308,730995516170
753360520011,281908696252
753607402608,519373746531
753728041105,969590912427
753752284803,211420118311
753894881115,483447907688
753899621909,808765683111
753903292060,291847206217
753940544912,189745349610
753995178807,991559699518
754019325004,296350509463
754147105509,719194714256
754416706409,868654257341
754431859901,561335498000
754611912810,457284930631
754645070600,393654763849
754680993219,499949780369
754891805419,106868597720
754983717912,572433390874
755137517101,476986083000
755209972020,199917933660
755214623905,729623345710
755257341902,533935508777
755321293800,194813640026
755459508005,802692269332
755469713702,558300061869
755476449804,967117928450
755538695216,924836713494
755587626110,372810878150
755698604513,775271934803
755714147002,545806119982
755769434408,809912132714
755790842200,385836249081
755961468704,836275700311
756125538813,715926309140
756169271103,815128715707
756299448105,146611682480
756377751909,871106357750
756488633514,280892580580
756489883005,750469590580
756491691190,859839357186
756504711602,790661211264
756564440001,884769074746
756759958602,117163723440
756810976216,906028048490
756991786213,693463517393
757020300305,853337073300
757056690508,951164713938
757118524411,115147367863
757138298019,164626314219
757158132104,134140431750
757187491707,335442401411
757261103918,360365800913
757331410014,401725669986
757356990408,387182561566
757402585719,159126555670
757468280405,607480377570
757560489401,958005755089
757572284003,366719288008
757717701606,727906518215
757839159913,603572680280
757861160905,803607447245
757968145514,459426419070
758313087403,853243822497
758352406714,471420088696
758394184213,524235908223
758470498604,306373990150
758481445080,540937010080
758526176612,496312685500
758684989810,869215824355
758712910713,814622697925
758910187114,857166353832
758952931819,398825819688
759291670603,663217846300
759291850314,675801469673
759345421100,178786843121
759352159215,642365587218
759391462006,578753420281
759485638419,428106859070
759504711512,275676305090
759510784180,810693397770
759908709103,219035351732
759909630715,325449051173
759995428806,718034052705
760034877911,381113001587
760130028416,196922787197
760203327907,787612659050
760235636409,774254810527
760456447919,614825704620
760782945915,637687400071
760798623100,518972497676
760822726090,292333301381
760867168609,544398032367
760895870105,778020091258
761018264602,168474969042
761109912007,297055044900
761133134519,256230623488
761212800711,450655767157
761223354915,467566346992
761315603408,782610251238
761318436308,710134806607
761443222107,831112509809
761462734701,953031660690
761548585214,539129945400
761632249604,341768194892
761673109303,253428155151
761699019809,148953337271
761760185110,808612121393
761871884609,610157080731
761915431614,203399849221
762066730800,663288934600
762191344805,864896578426
762207943013,641923451984
762460862100,426642430939
762546335214,901900795148
762563204402,601978395850
762572130112,138141211208
762572292009,694009863434
762644496401,306427500958
762718253118,603164663516
762758620407,594300703716
762765778411,773795458349
762853518000,711728317650
762939584103,852361839310
762985523501,471125483124
763064680202,151830976008
763100032007,794987454392
763136220917,691687765595
763200246001,876098779335
763228497903,332078986205
763344008107,910471171037
763351201314,950154251272
763477772619,333576356000
763716301206,287265679227
763822151405,716793400897
763892919900,202586350385
763906307110,265426820788
763937578010,207080830866
763992214315,438583926376
764006923004,729463011600
764041116910,995637377582
764229956907,871080183531
764333991402,481512373151
764400889902,335442519634
764404590600,817310419677
764449658911,976483417910
764522999614,707784570979
764535880807,127820204330
764554873901,864958056759
764604615703,247901214219
764843196610,800636659027
765087968811,858731253037
765172179119,428742869115
765212945904,238918984183
765269309312,102075977289
765292518910,881590725059
765526999210,551763571210
765586913010,524563312953
765710826004,749383309234
765717396901,808746377378
765777081150,975992773050
765845234509,802113961733
765907009411,966510875190
766123056416,720053963465
766261687417,354782656172
766435920115,169149835276
766472261917,266976478327
766526246107,400890626369
766537162205,186246553706
766618159100,477155047908
766718936140,146621481610
766880527904,406806154143
766945073505,209548028761
767009483802,713017721780
767023005300,659553763627
767070019312,187554387173
767086837910,459394316805
767164764516,173817907479
767225994316,281048881166
767239309120,382981147007
767374639106,986035931552
767567186911,776507986610
767983083304,417849126346
768032886120,147494991073
768042931504,269388912652
768062363116,942697803155
768072986112,802113961733
768107916013,315664959762
768200778105,737240835778
768249758505,689394691406
768393836120,511549470139
768471847504,124323419784
768504317904,918667144162
768543072800,307908517516
768634939510,973621559723
768680067107,323661107320
768774712516,791609791935
769014751610,643611938452
769124737113,125764881521
769126456000,275559308757
769212627519,917260649108
769234400000,508689598176
769258904309,891286983719
769521456115,200815987195
769669845409,170871467494
769675259506,237632192026
769693677906,110717344180
769715300605,129793999262
769716638809,640181503584
769756323090,624435957903
769951501511,405397917836
769984370718,380395267044
770001537709,356446961629
770004883111,942444006530
770166244311,995564509607
770440056103,412366915718
770455301701,436682673574
770504837202,404476388660
770513021303,702465937225
770550509011,406370189221
770585561418,950154251272
770755516020,235450391193
770760947601,240584021465
770796191202,266766994201
771077071401,705136763003
771117685200,502799529630
771160237900,559755652566
771194518919,116618543436
771428993318,243443261783
771514696711,954520469778
771618483217,483490533875
771665557011,992293306249
771720552216,515951763984
771794960810,323324902112
771840953115,833077967517
771851267030,727850079381
771890828120,989691708138
772141646716,362878369660
772173691709,793349862460
772181924208,897554494985
772315872801,311062665297
772366070114,201131323144
772510981313,793041821498
772519880807,689663226163
772566455718,603232045896
772570576202,888084065467
772614208914,509607847668
772828332506,404434920850
772849316113,907248537300
772857986409,973723041865
772878581001,694009863434
772880835219,398331869092
772938924030,846418807463
773105022514,266976478327
773133487802,143584798029
773167938080,893997040022
773236172806,548187584565
773268775105,462525377216
773338612312,209548028761
773360641113,821308763003
773547939601,349335003330
773643120618,806253676402
773661397802,270966746394
773679200009,453414526403
773792145814,356701656384
774171687215,875485135652
774171798603,688748297545
774282228319,207143312572
774305296206,713430522360
774317920050,952600335030
774366381103,482375767671
774383133518,234450870152
774429720100,989830143249
774454990204,156767932900
774494476018,463759280475
774499222103,122780671853
774574615604,242212206723
774708806711,119794370200
774831040113,427518691417
774945194503,645622251793
774965657701,712401025841
775069037905,131622483256
775108434305,780290183470
775238754706,250737151902
775241491709,338488473754
775272141811,582386012895
775299655719,729365949974
775386187819,320736253044
775426427812,530232453392
775444816414,177885382881
775452099506,496568977408
775486352501,356669907417
775537717104,282191659227
775571255219,823377250715
775587791802,425562675603
775610493317,521079215573
775637994206,618542440960
775653207314,256230623488
775658843030,604500956157
775704961704,213241521694
775891739513,454954316721
775947257505,916565754207
776027813409,405764140161
776235535619,341434943507
776250602308,480930512890
776303302116,544540082957
776323757913,300820451126
776459065416,374908716214
776512462103,576994105700
776519107201,608053367682
776922648814,228378312274
777018503413,198571463490
777050469204,732388817640
777054557211,315176697812
777106717611,986914089163
777134723304,641528871038
777169884005,125408673175
777301421400,225956965779
777312775117,589762345430
777386722202,183545440511
777560440114,218145185534
777630842110,654722184425
777725637509,459847712298
777891095801,448258896637
778074178312,517940519005
778202410503,540936199967
778209423910,774202455446
778323779611,147565298567
778332793604,486655160117
778359889201,976664830960
778453447516,445830237110
778485954119,944041697160
778649165117,615473542967
778723462102,936481886589
778950938102,629791882697
779052214400,584286874371
779162565213,969071128775
779170181505,936243584101
779187865070,986734342769
779200211005,686173989424
779339959006,433996311043
779343838616,814817194714
779425444109,829527837408
779544591310,134414787446
779550776103,398030020000
779569180118,488236416440
779594080506,280800495360
779629760110,541050749126
779721021603,743259455729
779824409903,521989597173
779883052050,685393680823
780055786113,785529337816
780111545014,220461474506
780311854707,698429240007
780482110170,887552453273
780561129617,957516799362
780882853705,201673658006
781366416901,300720840651
781420834614,540403153555
781466251130,674936452543
781932292414,510204384436
781948632104,197531331119
782023103012,456615300420
782056179050,951340440980
782092505211,991053543120
782118935800,986924941057
782190710301,289104353076
782255095307,511135105750
782284321407,872044007770
782290586902,247525753371
782391413000,679474243107
782606093204,517098604163
782639539116,400211107838
782643277005,978249139525
782698543012,704968827504
782724310912,708935661827
782853010612,173710676890
782887508407,616352719010
783016618815,466018351154
783113410110,720954062958
783161425702,890200738607
783396896312,585966854050
783406977714,110865803710
783475242030,951643071037
783502400811,140602329510
783740021808,575439467491
783803157105,198423779275
783845739712,565761849298
784021917713,972230803734
784234806718,416908394812
784294238409,137791749281
784314368817,306976607111
784373044090,570973169207
784681873406,178426099594
784704529813,319112547866
784854520700,188671336965
785045013120,571497959934
785121919300,771720791726
785132067211,583107758421
785164382619,343479484369
785350467102,365890087025
785374092500,480833739893
785552357416,304729392792
785629430507,169052685035
785635628411,785138622641
785766903716,487198233765
785787607417,310588811708
785827522611,103317127411
785829603516,449841039177
785963172707,767139346890
786138548208,181491422174
786200359002,729395763382
786204359410,801756182918
786235929804,979984170712
786397401406,426530505188
786460851813,727086199307
786461175918,630750674027
786481237504,295331399828
786618333700,801295640447
786619535114,572658769690
786804651319,875849084841
786830862008,440282987976
786892740800,451371168358
786918935704,970885659700
786957434701,198479543181
787025271801,194171094958
787043125109,818702462027
787072998318,303343926896
787103897000,477206724192
787219942911,459847712298
787234570005,266087002930
787277750311,617400722600
787476677311,877231899359
787587201500,566271473127
787605126810,265656162391
787715550206,229276289711
787726378806,372810878150
787732030809,732291984090
787801580116,565500323119
787806296117,631890533210
787855529403,637226369077
787872044208,393247495065
788113894609,667321406540
788316821014,672445180230
788419755030,721386369875
788462015303,704316506216
788568160107,699006451731
788808450050,722143793474
789041481711,588798923538
789074647514,888120000409
789117470700,725684411420
789142135310,276809474225
789395108701,503130245024
789400973806,326152769961
789418953019,158024876973
789446013112,782251253577
789671209119,621677325219
789739692410,966510875190
789743448005,260286478279
789820515003,922846241615
789866584610,817395192923
789909035607,955093347785
789981613601,306165700859
789999373716,407116466666
790002006614,381772856026
790036120601,636669438942
790071388014,189430185215
790131638319,591056385033
790412257908,583759489935
790429095314,819503810640
790575002707,495912918608
790604944603,614633297207
790616666809,349405533870
790747759200,566628978383
790851054513,256230623488
790871902205,999642521140
790878019208,834534674631
790881856413,438901598269
790940986315,963661778050
790957240204,722013520362
790970880214,771720791726
791031080807,745656878877
791090616316,691753942335
791343566807,818829152792
791452197713,264930944349
791526586106,335218801190
791527514612,291400103109
791661842180,901485439145
791668531401,511141245469
791838932702,191624111620
792008238505,846911854740
792031076219,209548028761
792040231418,844656798980
792058445008,178248023554
792123794505,556713048284
792239043412,112674682810
792272513100,467566346992
792326597206,699542607016
792333168618,428839669750
792334584019,274391904446
792687083009,159369033090
792737762318,194813640026
792789854918,999642521140
792817187910,755029707491
792841725709,230428605922
792970392608,608744968501
793191121001,870992847587
793231083919,540983807470
793555284118,955797631056
793561589100,381425264720
793582079813,877231899359
793647535118,326152769961
793722438710,915749464690
793763770113,693072844129
793788763400,706001965259
793934139319,705994400932
793998597903,542363116636
794058260912,800636659027
794157548509,853035578837
794224680001,173492550365
794229137507,171252875559
794449194517,621987433025
794559779504,869747813168
794726939103,617131023707
794734030608,930243698258
794757477113,119794370200
794782991311,114208042116
794919380707,386410564428
795033050718,523803941161
795112035710,537284954563
795400388020,319741382403
795427759108,997688190633
795552244302,831374290211
795562109104,273235909871
795564901710,520469476680
795757361914,203660606787
795851541190,883557986565
795926393105,645335095319
795947370404,212240032120
796207746116,194813640026
796223195080,959899157292
796317550908,940509964231
796356727610,264930944349
796534817114,447791974272
796536788113,824422573632
796581817419,658917701025
796582111000,783786696649
796599364215,647635578407
796601529000,359766727826
796625531140,555857771819
796696412140,808765683111
796714382110,306796326021
796751047419,704968827504
796806958212,991041297014
797026986806,599870781157
797133865102,640181503584
797183606800,436349451110
797217821501,888934310587
797229839710,284862495870
797300820314,860497987620
797380227103,907248537300
797435939614,160166143708
797517730070,722143793474
797562206115,551159578520
797629582006,356003559972
797723229515,663678292682
797765539040,481140791281
797844768006,134412453357
797869376410,336979845873
797930523104,510852395930
797986462713,350075485344
797999872411,268214474269
798134742816,357320155462
798224111808,843373580006
798236969005,796580602326
798288700505,685393680823
798343580919,819503810640
798524921703,704082916454
798631446802,943236795358
798655443405,727086199307
798684404130,258200064496
798754308815,401195477807
798995904315,122444448603
799087481107,892443286853
799093380102,880887116130
799138122902,505127796341
799211783707,204843511787
799257109706,461167593390
799261218020,334427166826
799307325410,766554626874
799557866205,170067168140
799614990306,317503731945
799755252315,937643398470
799773661015,156347499505
799805877018,244283233917
799915713213,549636449528
799916178508,879641348178
799921699616,761638269878
799950266001,409173061020
800006945305,619626753517
800028792704,799956377733
800077959702,446429971687
800444584704,287716678224
800470152510,871106357750
800708484616,178868670348
800749279708,710134806607
801021754502,397317536784
801122404004,325094470922
801301074602,254298099528
801314805500,428522601881
801423681805,787579513961
801443916515,232596172740
801486305704,500391878396
801507482308,629187495332
801525732709,957876165252
801920333812,743992929134
801972045215,390715244001
802004535401,619623932865
802024995919,503099993692
802082757301,145506421493
802101668206,908365944107
802194151816,736025761126
802216719002,374505616495
802348016117,156769674980
802358469108,363765981058
802373161914,392037629383
802431165015,547989468370
802449633816,471209195680
802527853501,687210760686
802533963020,199702155445
802554088316,706178563284
802564775180,844124878302
802674791618,762099568321
802822824608,181491422174
802888033616,977959083333
803059675001,896629264621
803086057000,304532595893
803106188013,148214372044
803110302507,317646322782
803194368606,952931536932
803194860813,675801469673
803198464007,609738566955
803275225406,360799477808
803321944201,844664316833
803326008130,869215824355
803448306003,239634665157
803703607405,907866805778
803757371101,760113126167
803867300301,113179327285
804069260915,161978973622
804086039901,335127631639
804106121813,320859887531
804220261314,234191348963
804343225017,983227752674
804404096906,269891440569
804489596170,626595845206
804490893413,813582511841
804593603170,646396207881
804678119900,508942477498
804841139907,305627012174
805037596619,394053837303
805130116914,108898030024
805156710819,462714398696
805163244607,359355814997
805187802816,306976607111
805212703318,487198233765
805313548403,205276352981
805368904130,593783882687
805518925040,818252586797
805585125017,344666711835
805589398030,107997459082
805604852903,122742699090
805673410603,495716879986
805714017305,835985729370
805957443901,239838186046
805993781015,765635573317
805999785202,197941452751
806034746908,992123892467
806049724104,984842874975
806099983205,533925662925
806186669516,646333292079
806197672014,870015708745
806206796310,859839357186
806283954150,539953498285
806331759717,269819010160
806362891205,773821764949
806561168217,679598515802
806567091618,762099568321
806576613619,286045780050
806601633902,527683182855
806694868806,951643071037
806907929213,960674243357
806914752912,783491793687
807037996214,259781008962
807042017519,945769607346
807063491000,156767932900
807075418090,808765683111
807077373901,768921249216
807143415618,237207222154
807190055617,645622251793
807218029202,465095577362
807282362110,434439459788
807323898809,500340929011
807391982160,863801967435
807414745217,219435696186
807478573801,749383309234
807495353000,191923451211
807548134708,190714352650
807873256514,484859979758
807948085011,995688977401
807999589050,710591925299
808174228503,878516405417
808314766817,237632192026
808475649710,888084065467
808508628508,386410564428
808624024710,973723041865
808650368900,145095873288
808700160901,342972653550
808755585105,752376188777
808802679911,122742699090
808912876403,890584555682
808995138502,137811101635
809007139804,523126888036
809009729004,303745348208
809059289306,696902911426
809295297202,361093869305
809319231617,102075977289
809332566006,460009119690
809402807811,402527921787
809430149050,232646684943
809658565003,864896578426
809741952613,278286383074
809750714317,643493573504
809866384017,725596135810
809903589501,403770358340
810008860910,325094470922
810064310700,986734342769
810162054302,508942477498
810176604900,283450988562
810331626814,306976607111
810398767405,284801681796
810462812912,863463686280
810489208714,140602329510
810490268314,196922787197
810561024404,829575912632
810698547910,246906486025
810969558507,523803941161
811009625119,692243206633
811068986307,477917653864
811281277413,426642430939
811410750200,400160952525
811504429609,635004618979
811558795205,320859887531
811599384615,213986825300
811655086913,700354032134
811666944115,261834989729
811686746608,605558940244
811815947400,812599158246
811903753304,367942558650
812138472908,139662097130
812159235707,598309087100
812168499804,809346003406
812222571111,742664884840
812333195216,100680487454
812410436307,692686425729
812510523704,316066381004
812659872000,828389663490
812664656208,878805271425
812859452710,265654407425
812902206217,381772856026
812969311619,936258274112
813054070608,443647627970
813082185802,178102503935
813092169010,611992395446
813202964210,844119722055
813220482116,678766933203
813316558101,541209205552
813514618102,413037949834
813530359918,146358519189
813541873601,637687400071
813557742913,615855883671
813585546111,394053837303
813629596705,925098578162
813839331700,103886909031
813943743916,325373189604
814096547312,450655767157
814140936006,496799858855
814173077207,341768194892
814232471910,556713048284
814302629317,418768841671
814367733007,202637607801
814419128407,183864548939
814590632612,577909774514
814620041000,542363116636
814904838715,684851444127
814943577714,967284175111
814976158005,560156183220
815056416808,441776164085
815153570904,427699899903
815284845710,859585317235
815289891004,132362227590
815318648306,478257783607
815325303705,317315500526
815598603102,921568382882
815659389919,758299734350
815769562900,848340210260
815936991906,516374294545
815949870114,947180424190
815989615018,314050428335
816210641600,987015453294
816362435417,933359894286
816389679402,959752782680
816486171508,365029402560
816528488416,535397156325
816650448313,897382383453
816653456104,844124878302
816688553003,876013165664
816698243512,555267974176
816811245601,176391354996
816861661130,947382571811
816879343210,959899157292
816909629706,356882519200
816931908215,511458337101
816936007809,577180496310
817049965316,357178315554
817069623507,916052087340
817211435005,101853970143
817278764304,107679527050
817296136318,271936096806
817301393180,173492550365
817344025808,311514669665
817354642208,142061787594
817425354205,144704822259
817486598203,307165830084
817604100813,700165006847
817689481306,341768194892
817696029005,791053673325
817718530611,910471171037
817766341510,803607447245
818252411503,675476045320
818342916317,209548028761
818364371702,122770128726
818417512180,630459597919
818450133712,512564281012
818533796201,661779571155
818837681806,732291984090
818910753901,431776978590
818965555409,939812158429
819070853709,343536113530
819135954418,486887694897
819453045909,585247457032
819478318309,464944577943
819624616614,207116196373
819635729406,812172478739
819646983707,755341098332
819682419319,225659055493
819881177810,284282786602
819886571015,404260165060
820052328315,398331869092
820065056819,271936096806
820116593007,710134806607
820147659090,838359798887
820351004414,357132973381
820426771914,873763114684
820442591807,613821930927
820443353603,388834003185
820520122307,122444448603
820761609717,381425264720
820768676811,977314032475
820919846309,890478759810
820945515020,284862495870
820975959307,847938339758
821039965409,630459597919
821247540307,683381189529
821395463712,391147008994
821411534108,102075977289
821471905170,193291030400
821626167116,623358681700
821707873060,693448111336
821730464905,646533089905
821875912105,546000796190
821910343600,670198989668
821923766701,650493242851
822089799004,281979254115
822137711700,782107741114
822311742717,347745483760
822312763140,134147873938
822434457010,281908696252
822436855619,982441098770
822475977804,871115263236
822498154404,391503713326
822622769107,125268104300
822666605700,413600252167
822722761213,809765687450
822724965816,439401235982
822794472109,997292110952
822914247706,756533271608
822939594310,884529214090
822945087050,705386417144
822945410700,380577054369
822949839406,407569295552
822986209080,481512373151
823018588104,992451613674
823030381307,488179456080
823220390800,633698337626
823247863301,832643535588
823281966170,503028790897
823305669510,935817961310
823345464417,704786594751
823401069814,793444342145
823407329918,104231969439
823438612308,539919422297
823550941605,970282776855
823848838113,909585885827
823897302704,334147821545
823943491710,865063767923
824057417000,871115263236
824132789014,587708069843
824174982510,296969825940
824176130413,799130407143
824217172501,857283321345
824399561180,163086171568
824441294501,137117322088
824455706910,915749464690
824517028918,310499191686
824676456709,758450674745
824939283012,805815430083
824942082706,771720791726
825037735611,372061904707
825140349209,342823326402
825160027115,965388443624
825189623903,650715180830
825313059407,422033983418
825335745901,349405533870
825359634809,490079891781
825683322010,808098810621
825703742180,814129505301
825886503006,311062665297
826037535706,482823405738
826115810719,107997459082
826168603601,923044369354
826215831600,587674120420
826362433603,306796326021
826424320708,247223296933
826428574613,847663392152
826808303203,837431861147
826839717008,906567474827
826926889604,455518908109
826941212006,800218958053
827296694511,762619564708
827544437003,146154761653
827546161904,907950433896
827859242108,294943397516
827880428419,448496369949
827921352203,589044208535
828071752704,435735500843
828105854110,140482098304
828274979170,541589001280
828301551500,725128038619
828315376709,952184428574
828346256004,257622848197
828440768314,620884026771
828458239512,255910600612
828516549319,632134715932
828700643019,364108394419
828776516020,246302407540
828794634816,191923451211
828801784212,640696478920
828822224811,211148260377
828885269308,155723346588
828917620509,427699899903
829034539318,160461022719
829059956906,222981000089
829115402915,962268515046
829147367150,148319225632
829166309101,326152769961
829255549311,651400971055
829362242918,219461623014
829466005417,516821736497
829677541719,781001124817
829690402102,121198954058
829732796308,171252875559
829755547712,989691708138
829801853101,646890757000
829899677410,201673658006
829901881719,273625416949
829943912505,835767449388
830018102150,751464167000
830183778719,392227311578
830191777114,774202455446
830294119918,957820883033
830356521610,553280589959
830506302612,353385305726
830543013307,109864536820
830625838705,616565505743
830638726109,996491533305
830668086606,211273767579
830694381004,544486146989
830929311808,391425352150
830937691011,544788686130
831143798319,258928131301
831375437516,936481886589
831614775305,686033693979
831798597617,913721358396
831819767211,190211841809
831941005402,430456369750
832320673030,156730496684
832419305205,423332213821
832422555802,925954257930
832551359050,377359117058
832584762509,663874172825
832612318408,793940507816
832645700117,913136255272
832680479707,560044086340
832833785314,415220216730
832909210515,293032199310
832986743514,527767419751
833130723402,903784295803
833193319708,672635078915
833524481901,960968096020
833525679608,886487779278
833544967009,299795815989
833571630119,542775468118
833611762809,936325347962
833667252406,943641805118
833671342900,510370401853
833764653909,967848042800
833819653040,391356305418
833872256806,240201331205
833959156809,953503181132
833996204300,439873823293
834001818311,462441705541
834012922803,440994126470
834080040407,142132061267
834085286190,475335176114
834122378811,549636449528
834216819303,232476030920
834232496307,778946282893
834350689307,230098216348
834819704160,483476313781
834867594315,925098578162
835133530612,158785252152
835205927319,910380065966
835314775319,792925544623
835448270910,706178563284
835467690106,232646684943
835468013005,380395267044
835614190910,422033983418
835773833307,638730785078
835821671011,421135981077
835894961317,610085691013
836037484513,613821930927
836042396511,846347274600
836069767503,160675294532
836090492501,522016493162
836180702020,867658901430
836296996311,280892580580
836402611512,956801981716
836522828809,888084065467
836555566707,145321091171
836607765101,306625463603
836625418907,252074319270
836660417502,942998792962
836784665312,831374290211
836804651916,148682628266
836845768803,137606031944
836854416519,284862495870
837151702310,406806154143
837165077417,323013047228
837466267808,158150658963
837503475409,406153137046
837743863609,746264113144
837797635607,966179199651
837879095915,850441863165
837879812107,898046527864
837897395207,158150658963
837928196502,545898113724
837937029918,538129475437
838019019915,100995600755
838023120302,814817194714
838042293413,264122898609
838080935512,282698267719
838157098010,103886909031
838163187040,331437726312
838172053619,960279951980
838308002214,168690084950
838358788311,916637622750
838390358414,476017074360
838483761003,738879689841
838698011001,462268677683
838747134180,787579513961
838966358701,246921620720
839200992604,783189806415
839227782115,883557986565
839296568108,209657256704
839325795090,725460629640
839359506010,505029908985
839360996602,578486386000
839449962804,961507172541
839509600709,117202038490
839570749706,596429191406
839905879301,280892580580
840013281170,726553569338
840046529904,116698788186
840086829518,682465582875
840117586120,838321998904
840204957619,771321067649
840320920001,759683098377
840433997060,829572027697
840447655000,832577032496
840488386417,239840078804
840509389304,774557953954
840513991119,506705933020
840517731005,443316601963
840713116719,481140791281
840739666514,137606031944
840992311503,417849126346
840995712608,185189020808
841042590907,106150968097
841057371613,965236609719
841163921415,104335532596
841243767617,742664884840
841429918120,965710546765
841498669516,148836824425
841522278002,216039051721
841522371716,914602361082
841548395107,347293140776
841718399314,977648092481
841729867412,212284278470
841837553414,937338537020
841844956516,901818736660
842027667119,942998792962
842044803700,954520469778
842194034509,566354734208
842206901814,730217330795
842220959110,559421897315
842303078110,441126625840
842434071408,301040875419
842496909408,514763353630
842515027180,643032064643
842592727800,363753562149
842700239200,805550801418
842768924160,157991999601
842778019019,766328599342
842800809209,992651168260
842907677101,695568750364
842982388213,101720554358
842986879506,457196033941
843053233500,884769074746
843086423007,322266299774
843137013617,498326322368
843165621102,687890357402
843331076802,931652149395
843425556407,392514426176
843474148307,647635578407
843552959918,471749637486
843661635708,565895115349
843749351503,958815538661
843789029412,484859979758
843858119002,500340929011
843973078508,202449331194
844057323418,167881010582
844191991211,391503713326
844227541800,622102778893
844251601306,701326612912
844373017213,369044169505
844468928900,871106357750
844555557003,325449051173
844731676916,907950433896
844753636306,116402150440
844921456014,299483876417
844951672000,864989941234
845219337018,970020482623
845249150050,390184160589
845416231607,443799415223
845520524807,643632459200
845602920160,577575388460
845611671519,647212468760
845670238015,757751381565
845902031916,516196970650
845928812904,261440055852
846079724807,443114352930
846179335801,838522250083
846222853903,707745569940
846370768819,692973245533
846418255101,375844826560
846462968710,216039051721
846609626060,887357221718
846612396616,999019978361
846702031519,713477415082
846833998511,910471171037
846867410317,284862495870
846883495213,628533037229
846933625309,142959374045
846970647019,234191348963
846979617504,409411190182
847044825602,957785680982
847100546815,900813191563
847133011313,328686531330
847281174119,818829152792
847304203714,756268279390
847566855414,946990665610
847588664202,920862412850
847619902207,958815538661
847621448509,705875646002
847679789912,818208655454
847796139515,240852521685
847896468415,665161316799
847909920617,482454707180
847943812905,591183352450
848028404019,646945911682
848073662615,495546329568
848255755413,722143793474
848260619118,455066316782
848329813814,883330434710
848422067411,508533377193
848436275508,275561067480
848578733507,404434920850
848604148616,567922053118
848613866200,343822452094
848712526000,570646931023
848713691600,872827796262
848891878715,900143341205
848968119818,506480421033
849064997900,976904045722
849076399319,793349862460
849153132816,164774032970
849220513070,451405842424
849243803619,822047226874
849299113407,481524551011
849325294100,585172548058
849366521000,878732047808
849369597160,354430422403
849476441209,814622697925
849518128915,317000742203
849526337617,831112509809
849556680011,553944823293
849678281517,294943397516
849718580203,777096242043
849788348916,693972462510
849949583112,464059161373
850073451717,469856027449
850122308610,865656257952
850208714140,452831153470
850240748714,716788644341
850451742709,273660327245
850625256304,664951131292
850776350808,500647653382
850883825003,102398437502
850927930914,222851824379
851072946310,427220123792
851137569214,992451613674
851219403912,307165830084
851269706113,493343992417
851388528701,187554387173
851404551400,496801244160
851436575819,397952299724
851502458914,103886909031
851562095612,764274713387
851592691612,237328248043
851804204710,158024876973
851863009217,483700894377
851904443010,347543884063
851926622301,133528210580
851968378408,852146532843
852066607105,496568977408
852083698130,783768264140
852150929130,266934150610
852284894902,625697329459
852361870111,331903161738
852363443815,722223128535
852504624210,122550888781
852556531715,207199240602
852704982002,276975331145
852882084515,192353625450
853083967802,420868381681
853131174706,429652415497
853224705010,897554494985
853308561715,823226861937
853409871000,155001304957
853415560913,398435364500
853526829010,242055374555
853628570213,428575130433
853774493008,201673658006
853899139004,100370651480
853968975213,634878317793
854060595010,130885652322
854115630150,779747933817
854254794608,455411560239
854295234103,974839396291
854330125216,230834082759
854358052315,509638614110
854455245609,616069039647
854501094606,864520430820
854512495916,351422937310
854549695408,110935422744
854576598303,871225562510
854578540501,925065102002
854623262918,232833506172
854719474400,570381677577
854737531916,585249859827
854749523906,364108394419
854751557716,700816988926
854837547514,880453226182
855060523905,790101315365
855169470010,516496523834
855214167214,647845993507
855224710170,379567334638
855257878318,460009119690
855516140916,232035495338
855525607605,672635078915
855583315408,950508877480
855610652019,819150795248
855651605908,632321427758
855660595002,433959947907
855732903315,347745483760
855795109215,376245881850
855889523410,353247160253
855940748214,510611275270
856147733515,401524335716
856447447708,961507172541
856492153718,868654257341
856531687710,220461474506
856534846203,172732342752
856624328203,232699824040
856679332900,255423405976
856723627002,495546329568
856727109014,870015708745
856806817913,227627760239
856897327714,847938339758
856992430809,577523405354
857000157511,872790591602
857005194190,629205139005
857154384105,311954169083
857230629020,405397917836
857285753315,645784834929
857319554517,858273380737
857335180207,102595518630
857358971919,977062899451
857491416603,568448377380
857571943105,754635936666
857602156020,984493686367
857641595219,518870417303
857643972801,601230479073
857775515610,178181216152
857822642506,329899124245
857921191218,886591177551
857942506402,240716362594
858051857117,116438246475
858053425300,423662663056
858063329100,915749464690
858075812806,167081956263
858096646190,589547572990
858139691070,638730785078
858183721912,231792478504
858224261614,565070531690
858243898304,350475799183
858633087502,219845517644
858647187307,108898030024
858659371102,167783720391
858670527814,376052169952
858741291601,579029162213
858840775403,157991999601
858904469010,943546478048
858907193718,597424848696
858959450717,561082228884
859335035513,818829152792
859438733416,951914899826
859487192602,137308316902
859533203519,778020091258
859535862603,290641637079
859540790611,852305754425
859596282510,636321331695
859658237315,167755951720
859710672904,763482347065
859764358613,233660861011
859833157817,211148260377
859912690101,273625416949
860018003214,937643398470
860028367318,189745349610
860042057506,785138622641
860149676707,146014134584
860189729102,729230978855
860255461716,147565298567
860272213612,477271962632
860283732314,102951300812
860321181602,958340762610
860411997112,942718742957
860527086300,842181842579
860718356409,751898867931
860783408214,867643972193
860887256100,609738566955
860958820001,937436949988
861211120706,525944668452
861253941803,318861165728
861441311401,747931947120
861493254214,851826962373
861493367070,412366915718
861545485514,752628313479
861582340506,876056331404
861773844700,178181216152
861809267208,184956889830
861928372314,876615642608
861957841006,857868033555
862082612912,917120876383
862160875501,193509092966
862476449614,451406724118
862531220014,844119722055
862612805113,325094470922
862672210317,327830987761
862789447610,773666560270
862899731818,318270234497
862934177017,772227781134
862983411910,732815634383
863118194407,696843490160
863210490130,752173329799
863274482606,793769159844
863346811203,788859298149
863603291301,111829939005
863680945800,755224147579
863759006502,643632459200
863778411211,858408394018
864065783213,246302407540
864235280711,873156287288
864258218018,749383309234
864325496190,657023082421
864409903419,592350960068
864544424000,636728050655
864935004215,383184354827
864975445500,858258530151
865160514711,140839544651
865383644202,438901598269
865404694118,648618946679
865477939017,866540828698
865707479407,193061604820
865809847910,859839357186
865855738310,679598515802
866033443309,119794370200
866202150810,675181614571
866325194116,132601469754
866437622110,290411505929
866510177002,226597947729
866531366710,756533271608
866628557505,424974946635
866851595818,734671673490
866893482506,880842938614
866946744407,807241154023
866985344506,447104839575
867072914000,164774032970
867097607704,595525475586
867232501413,496568977408
867239198601,343479484369
867261055206,397650294732
867263034516,540937010080
867337150514,252582443839
867391706106,561442012077
867525977207,588124825769
867546111004,853337073300
867557581402,114418757102
867717378505,237854907680
867721469206,575439467491
867750661602,798708428773
867770710914,958824360880
867797786313,335218801190
867859922813,452272445518
868088941001,450700745376
868096529217,878805271425
868192213115,295071170146
868192719715,666876697926
868263511212,678825582244
868349587219,995802509269
868414026013,924825355008
868614223011,333576356000
868618845212,465390829640
868652224017,457196033941
868804333708,732291984090
868863677713,531242764002
868922522112,668904778411
868941106019,826101379005
868967951603,547789517022
869000358915,434313163800
869018392317,781282538116
869050419102,133746976366
869056178705,270578538877
869289047709,280800495360
869523923311,958833706388
869594430201,536119960714
869602015416,106274956521
869636456803,623358681700
869714251217,306071090008
869795598619,202586350385
869844644800,993332467666
869985442310,356882519200
870069321613,915819590692
870087444008,352598911990
870102035015,909745966120
870134841150,709541159277
870160510912,566950386569
870182043030,252634963841
870266770800,594449194102
870375039208,415688915925
870406252109,335218801190
870476676400,824678323513
870538727319,461167593390
870613614019,975618885113
870642450130,449448853652
870752144802,969590912427
870838873115,420338720090
870908156613,561335498000
871006463018,474674155338
871064727008,651498963890
871091872402,158120643600
871249214904,102644866539
871255129016,293685710373
871406030500,723519272321
871547921701,146611682480
871674927905,615473542967
871737506150,965236609719
871938721610,801308846678
871984160501,481785153233
872138927011,312436747079
872271688601,570381677577
872377059018,451030065456
872408711401,477206724192
872445265800,987907968941
872537735160,204802270581
872715663003,227627760239
872809335170,442003089457
872906891114,416086391650
872980074517,338457446543
872992758205,840777297431
873012991110,445434981937
873020356819,288067492828
873068441917,980578154984
873396293130,369044169505
873454347813,995405986283
873511574012,922458349100
873545288813,908348916910
873670037813,734765121660
873674274613,145873174702
873694120070,191923451211
873832328801,919898718450
873843031080,361093869305
873863979202,712497568757
873910714612,490113858660
873974249015,314310756218
874313179910,412366915718
874322769409,904442276808
874609825130,715926309140
874770333019,509960837742
874835943802,823223506770
874873811050,328686531330
874908379104,461167593390
874941554400,775382950057
875072997018,511081344627
875224994219,732815634383
875248516050,909964112125
875314647004,732998959112
875336585111,829179149240
875342379310,531242764002
875387430904,518274541193
875504018717,343642493236
875548345302,520504280260
875556324406,593082733705
875586628316,889657930981
875775377020,770299137000
875898599409,629125728167
876044510019,339367857146
876112043910,905681905638
876259857015,241267427111
876331678919,539953498285
876363931709,629125728167
876483627315,412061962934
876501716503,766328599342
876649307120,615473542967
876696119900,459426419070
876706065040,413171982547
876777694707,970020482623
876835282801,180390160545
876983615040,461167593390
877071324311,754877423926
877156494619,477206724192
877254633415,283247257795
877330631105,684116671979
877394316090,912511810158
877420148417,276302293052
877507251509,686662272654
877839418130,466018351154
877884038107,154762482546
878034832611,205276352981
878173771904,638574842757
878188445716,354782656172
878199442100,229430327520
878295458007,461167593390
878316940704,198479543181
878384499412,713869520934
878526319190,962885690344
878581500715,255166496952
878739781818,897227055200
878870253102,162873664394
878898655006,778126733516
878963095701,398623067673
879094375012,573514419218
879115138120,320859887531
879117627405,457721675773
879157983200,359330770297
879161452012,284862495870
879251641618,487320236963
879281743030,889384585673
879342177210,881651622707
879443650004,775384703950
879469025801,529415804160
879472031502,915627209428
879699690918,361093869305
879736988718,384407773949
879917218718,381113001587
880003382312,884529214090
880028223006,847578210677
880111651701,543069392004
880143210414,220461474506
880243791600,789039883224
880267094112,280800495360
880298505709,692701946941
880377274614,989973894380
880449665190,578001261836
880692663160,708953393706
880786418609,292371422898
880793406116,568237121366
881040453801,917933626787
881076711715,651076418482
881116071117,403803508193
881122596112,897368698910
881246143906,279411486361
881311240207,987331579950
881405690804,844277818051
881570598150,259781008962
881672887918,514916468106
881829580314,989883834650
881894625107,584775813072
881995164119,851384712636
882092745400,306976607111
882141794405,565500323119
882220196407,230098216348
882414400115,458236007658
882430852814,910332058040
882605208813,267781935478
882688789160,357652320970
882735167407,118853593776
882773392711,205494950187
882816160503,332226328568
882932718206,513906631006
882983560107,992293306249
883006263918,716030115556
883055664716,423332213821
883083390517,376471971852
883107063014,428950173355
883238408914,529817913578
883340252712,967284175111
883352825700,628047151469
883394453704,608053367682
883457685918,543963185909
883635884414,313310456127
883695142819,992651168260
883772351012,127965423373
884073796505,500340929011
884224112106,681083882448
884286456313,320859887531
884325092316,173692461321
884342732509,866972797700
884362811619,762204516523
884368585415,388902763931
884400105806,703152563814
884420525120,640306776948
884487801415,563893397453
884527054108,488126315747
884592018809,260286478279
884649825615,332077371668
884994370103,693463517393
885093772013,110717344180
885102418010,857257400076
885185543903,412954600300
885215780004,601285568490
885276074080,256080219835
885424865015,587708069843
885569375405,460895158560
885791609104,471749637486
885954882714,129508979863
885984465800,925860253310
886094164150,925141015982
886112581615,768921249216
886211957909,858408394018
886248683412,201131323144
886286821211,406170745046
886313176216,657023082421
886454856114,886242399835
886483068213,268399546680
886534510800,136633384291
886570535715,764982073430
886697643203,209737285707
886703421816,678350864785
886772486607,867433184497
886824628070,736074393075
887097247411,589231678151
887194676704,837504821833
887268122004,848297934475
887310395514,517987713838
887465214518,586097420633
887600345204,244887574431
887703599200,790101315365
887793387715,932987086881
887872055518,428575130433
887899320405,331409658324
888027924008,787579513961
888208249219,562122257523
888272253014,822083836581
888350566609,457955578340
888642883118,614096405838
888699949418,242212206723
888742590402,265901130749
888769471503,915749464690
888806814703,695568750364
888942758402,742818532872
889069275618,708466225580
889131816111,610608087276
889174337070,511647293683
889215285312,390355063023
889578923318,287431140533
889809922412,688192361710
889842979809,844779637596
889897943004,951836885309
889986739316,187554387173
890018639219,215861692147
890031951018,456533045804
890273413812,750570590616
890490495070,380367171209
890578667409,583976147665
890672133016,173446720783
890683135505,360365800913
890729976106,904442276808
890742256818,382042337021
890745141004,347927858467
890830844401,317044452522
890838905813,362606596605
890839821403,981616291149
891199102714,383124047371
891289495040,779438626188
891446395603,740214521557
891505150509,545898113724
891705406010,451698309653
891791936705,978579638140
891885530007,882391704699
891973066017,593824885363
891988088911,127820204330
892045097414,211196369527
892151158913,401195477807
892258868615,860855283580
892299114416,118085786318
892459922217,538553255790
892470417014,232596172740
892492483190,304208913113
892777192218,687412635595
892873780015,662112349220
893077631209,654009232928
893091110319,826523640781
893174792801,108397963520
893427963315,585247457032
893664562508,853661054140
893686832806,342344126390
893696603006,835767449388
893751823518,220900285441
893752072419,774814037270
893787838612,452089942238
893815747102,880453226182
894035572718,110774820109
894050696018,778946282893
894084995209,386471787276
894153095905,886681609970
894221140700,643213584156
894236831515,443647627970
894243370812,591951724073
894291084906,448075981222
894338971004,989542985879
894368284305,386095351908
894426819215,483476313781
894525737101,736709587021
894536548618,876056331404
894550483018,441505700457
894579265204,987749749230
894808053513,755145158000
894833763309,119784433861
894863725710,595400487249
894950943160,318928781870
894989769318,792925544623
894999868717,430977932298
895072063412,943166955512
895156453815,573782348598
895199322216,271606323631
895456573819,139652590809
895509842212,521475603921
895516158101,857257400076
895523384602,761377435190
895547583600,153329746164
895803786708,211148260377
895836570002,793930075474
895883843713,870015708745
895908687115,470935214869
896071343401,450655767157
896197331402,806235526219
896352753307,126753790141
896406304806,732164475845
896701547407,160461022719
896715041219,482454707180
896853060000,976080994319
896889408805,905681905638
897087125114,185837533904
897111189010,717141133881
897238398917,220114967848
897267814901,819503810640
897281480505,940393521621
897340183010,818595562066
897346791016,382042337021
897369036619,708953393706
897388387801,837345509101
897401994017,479529526267
897435112507,444202365030
897642015710,140513757236
897790817702,163664597160
897835458060,828563602734
897953359601,793349862460
898007750405,210328030410
898037535714,721746404717
898120574915,565255387953
898181945001,386789155881
898232986902,716788644341
898261682090,122875946339
898341201613,977389855342
898374078707,494138008956
898501286208,199337195575
898552931304,758864497459
898566783502,956544569779
898586238511,232993138177
898618042506,803607447245
898761596417,998673225604
898772042709,197531331119
898808647001,450700745376
898811959012,833817236211
898830876614,981616291149
898964332814,730080310806
899096511800,985396638044
899231424316,771060321770
